-- phpMyAdmin SQL Dump
-- version 5.2.1
-- https://www.phpmyadmin.net/
--
-- Host: 127.0.0.1
-- Generation Time: Jun 13, 2024 at 02:49 AM
-- Server version: 10.4.28-MariaDB
-- PHP Version: 8.2.4

SET SQL_MODE = "NO_AUTO_VALUE_ON_ZERO";
START TRANSACTION;
SET time_zone = "+00:00";


/*!40101 SET @OLD_CHARACTER_SET_CLIENT=@@CHARACTER_SET_CLIENT */;
/*!40101 SET @OLD_CHARACTER_SET_RESULTS=@@CHARACTER_SET_RESULTS */;
/*!40101 SET @OLD_COLLATION_CONNECTION=@@COLLATION_CONNECTION */;
/*!40101 SET NAMES utf8mb4 */;

--
-- Database: `story_db`
--

-- --------------------------------------------------------

--
-- Table structure for table `choices`
--

CREATE TABLE `choices` (
  `id` bigint(20) NOT NULL,
  `option` varchar(100) DEFAULT NULL,
  `created_at` timestamp NOT NULL DEFAULT current_timestamp(),
  `updated_at` timestamp NOT NULL DEFAULT current_timestamp() ON UPDATE current_timestamp()
) ENGINE=InnoDB DEFAULT CHARSET=utf8mb4 COLLATE=utf8mb4_general_ci;

--
-- Dumping data for table `choices`
--

INSERT INTO `choices` (`id`, `option`, `created_at`, `updated_at`) VALUES
(1, 'Dewi', '2024-06-02 15:32:47', '2024-06-02 15:32:47'),
(2, 'Tumbai', '2024-06-02 15:32:47', '2024-06-02 15:32:47'),
(3, 'Sinta', '2024-06-02 15:32:47', '2024-06-02 15:32:47'),
(4, 'Melati', '2024-06-02 15:32:47', '2024-06-02 15:32:47'),
(5, 'Seorang pemuda dari desa sebelah', '2024-06-02 15:34:42', '2024-06-02 15:34:42'),
(6, 'Seorang pemuda yang sakti dari daerah aliran Sungai Barito\n', '2024-06-02 15:34:42', '2024-06-02 15:34:42'),
(7, 'Seorang pedagang yang kaya\n', '2024-06-02 15:34:42', '2024-06-02 15:34:42'),
(8, 'Seorang petani yang rajin \n', '2024-06-02 15:34:42', '2024-06-02 15:34:42'),
(9, 'Pemuda harus tampan\n', '2024-06-02 15:36:03', '2024-06-02 15:36:03'),
(10, 'Pemuda harus kaya\n', '2024-06-02 15:36:03', '2024-06-02 15:36:03'),
(11, 'Pemuda harus bisa mengubah air tawar menjadi air asin\n', '2024-06-02 15:36:03', '2024-06-02 15:36:03'),
(12, 'Pemuda harus berasal dari desa yang sama dengan mereka\n', '2024-06-02 15:36:03', '2024-06-02 15:36:03'),
(13, 'Sangkuriang', '2024-06-08 03:16:16', '2024-06-08 03:16:21'),
(14, 'Tumang', '2024-06-08 03:16:16', '2024-06-08 03:16:16'),
(15, 'Sumbi', '2024-06-08 03:16:16', '2024-06-08 03:16:16'),
(16, 'Dayang', '2024-06-08 03:16:16', '2024-06-08 03:16:16'),
(17, 'Dia tertawa\n', '2024-06-08 03:16:16', '2024-06-08 03:16:16'),
(18, 'Dia terluka di kepala\n', '2024-06-08 03:16:16', '2024-06-08 03:16:16'),
(19, 'Dia menangkap sendok itu', '2024-06-08 03:16:16', '2024-06-08 03:16:16'),
(20, 'Dia pergi bermain ', '2024-06-08 03:16:16', '2024-06-10 23:59:16'),
(21, 'Sangkuriang', '2024-06-08 03:16:16', '2024-06-08 03:16:16'),
(22, 'Dayang Sumbi', '2024-06-08 03:16:16', '2024-06-08 03:16:16'),
(23, 'Tumang', '2024-06-08 03:16:16', '2024-06-08 03:16:16'),
(24, 'Kancil', '2024-06-08 03:16:16', '2024-06-08 03:16:16'),
(25, 'Karena dia ingin berbagi makanan', '2024-06-11 00:02:23', '2024-06-11 00:02:23'),
(26, 'Karena dia ingin merayakan ulang tahun', '2024-06-11 00:02:23', '2024-06-11 00:02:23'),
(27, 'Karena dia ingin mendapatkan hasil panen yang baik', '2024-06-11 00:02:23', '2024-06-11 00:02:23'),
(28, 'Karena dia ingin membuat semua orang senang', '2024-06-11 00:02:23', '2024-06-11 00:02:23'),
(29, 'Mengusir nenek tua itu', '2024-06-11 00:02:23', '2024-06-11 00:02:23'),
(30, 'Memberi nenek tua sepiring nasi', '2024-06-11 00:02:23', '2024-06-11 00:02:23'),
(31, 'Mengabaikan nenek tua itu', '2024-06-11 00:02:23', '2024-06-11 00:02:23'),
(32, 'Menyuruh nenek tua pergi ke rumah lain', '2024-06-11 00:02:23', '2024-06-11 00:02:23'),
(33, 'Desa tenggelam dalam banjir', '2024-06-11 00:02:23', '2024-06-11 00:02:23'),
(34, 'Desa menjadi lebih subur', '2024-06-11 00:02:23', '2024-06-11 00:02:23'),
(35, 'Desa tetap aman', '2024-06-11 00:02:23', '2024-06-11 00:02:23'),
(36, 'Desa hanya terkena hujan ringan', '2024-06-11 00:02:23', '2024-06-11 00:02:23'),
(37, 'Candra Kirana', '2024-06-11 00:04:53', '2024-06-11 00:04:53'),
(38, 'Dewi Galuh', '2024-06-11 00:04:53', '2024-06-11 00:04:53'),
(39, 'Nenek Sihir', '2024-06-11 00:04:53', '2024-06-11 00:04:53'),
(40, 'Pangeran Inu Kertapati', '2024-06-11 00:04:53', '2024-06-11 00:04:53'),
(41, 'Menjualnya di pasar', '2024-06-11 00:04:53', '2024-06-11 00:04:53'),
(42, 'Membawanya pulang dan menyimpannya dalam tempayan', '2024-06-11 00:04:53', '2024-06-11 00:04:53'),
(43, 'Memberikannya kepada Pangeran', '2024-06-11 00:04:53', '2024-06-11 00:04:53'),
(44, 'Membuangnya kembali ke laut', '2024-06-11 00:04:53', '2024-06-11 00:04:53'),
(45, 'Burung gagak', '2024-06-11 00:04:53', '2024-06-11 00:04:53'),
(46, 'Kakek sakti', '2024-06-11 00:04:53', '2024-06-11 00:04:53'),
(47, 'Nenek nelayan', '2024-06-11 00:04:53', '2024-06-11 00:04:53'),
(48, 'Dewi Galuh', '2024-06-11 00:04:53', '2024-06-11 00:04:53'),
(49, 'Putri Pusparani', '2024-06-11 00:08:28', '2024-06-11 00:08:28'),
(50, 'Raja Brawijaya', '2024-06-11 00:08:28', '2024-06-11 00:08:28'),
(51, 'Lembu Sura', '2024-06-11 00:08:28', '2024-06-11 00:08:28'),
(52, 'Kyai Garadoksa', '2024-06-11 00:08:28', '2024-06-11 00:08:28'),
(53, 'Emas dan permata', '2024-06-11 00:08:28', '2024-06-11 00:08:28'),
(54, 'Sumur di puncak Gunung Kelud', '2024-06-11 00:08:28', '2024-06-11 00:08:28'),
(55, 'Busur sakti Kyai Garadoksa', '2024-06-11 00:08:28', '2024-06-11 00:08:28'),
(56, 'Gong Kyai Sekardelima', '2024-06-11 00:08:28', '2024-06-11 00:08:28'),
(57, 'Gunung Kelud meletus', '2024-06-11 00:08:28', '2024-06-11 00:08:28'),
(58, 'Lembu Sura kembali muncul', '2024-06-11 00:08:28', '2024-06-11 00:08:28'),
(59, 'Raja Brawijaya mengadakan sayembara lagi', '2024-06-11 00:08:28', '2024-06-11 00:08:28'),
(60, 'Putri Pusparani menikah dengan Lembu Sura', '2024-06-11 00:08:28', '2024-06-11 00:08:28'),
(61, 'Bandung Bondowoso', '2024-06-11 00:08:28', '2024-06-11 00:08:28'),
(62, 'Bi Sumi', '2024-06-11 00:08:28', '2024-06-11 00:08:28'),
(63, 'Pangeran dari kerajaan lain', '2024-06-11 00:08:28', '2024-06-11 00:08:28'),
(64, 'Pengawal Istana', '2024-06-11 00:08:28', '2024-06-11 00:08:28'),
(65, '500 candi', '2024-06-11 00:08:28', '2024-06-11 00:08:28'),
(66, '1000 candi', '2024-06-11 00:08:28', '2024-06-11 00:08:28'),
(67, '999 candi', '2024-06-11 00:08:28', '2024-06-11 00:08:28'),
(68, '100 candi', '2024-06-11 00:08:28', '2024-06-11 00:08:28'),
(69, 'Membakar jerami dan menumbuk lesung', '2024-06-11 00:08:28', '2024-06-11 00:08:28'),
(70, 'Membunyikan bel besar', '2024-06-11 00:08:28', '2024-06-11 00:08:28'),
(71, 'Menyalakan kembang api', '2024-06-11 00:08:28', '2024-06-11 00:08:28'),
(72, 'Menyalakan lampu-lampu besar', '2024-06-11 00:08:28', '2024-06-11 00:08:28'),
(73, 'Kakak-kakak Suri Ikun', '2024-06-11 00:10:44', '2024-06-11 00:10:44'),
(74, 'Ayah Suri Ikun', '2024-06-11 00:10:44', '2024-06-11 00:10:44'),
(75, 'Suri Ikun', '2024-06-11 00:10:44', '2024-06-11 00:10:44'),
(76, 'Ibu Suri Ikun', '2024-06-11 00:10:44', '2024-06-11 00:10:44'),
(77, 'Mengabaikan mereka', '2024-06-11 00:10:44', '2024-06-11 00:10:44'),
(78, 'Merawat mereka', '2024-06-11 00:10:44', '2024-06-11 00:10:44'),
(79, 'Menyuruh mereka pergi', '2024-06-11 00:10:44', '2024-06-11 00:10:44'),
(80, 'Memberikan mereka kepada hantu', '2024-06-11 00:10:44', '2024-06-11 00:10:44'),
(81, 'Hantu-hantu merasa kasihan dan membebaskannya', '2024-06-11 00:10:44', '2024-06-11 00:10:44'),
(82, 'Ayahnya datang menyelamatkannya', '2024-06-11 00:10:44', '2024-06-11 00:10:44'),
(83, 'Kedua burung dan teman-temannya menyerang hantu-hantu', '2024-06-11 00:10:44', '2024-06-11 00:10:44'),
(84, 'Suri Ikun melarikan diri saat hantu-hantu tidur', '2024-06-11 00:10:44', '2024-06-11 00:10:44'),
(85, 'Amaq Lembain', '2024-06-11 00:10:44', '2024-06-11 00:10:44'),
(86, 'Amaq Selem', '2024-06-11 00:10:44', '2024-06-11 00:10:44'),
(87, 'Amaq Lembar', '2024-06-11 00:10:44', '2024-06-11 00:10:44'),
(88, 'Amaq Teker', '2024-06-11 00:10:44', '2024-06-11 00:10:44'),
(89, 'Batu tersebut pecah', '2024-06-11 00:10:44', '2024-06-11 00:10:44'),
(90, 'Batu tersebut berubah warna', '2024-06-11 00:10:44', '2024-06-11 00:10:44'),
(91, 'Batu tersebut bergerak naik ke atas', '2024-06-11 00:10:44', '2024-06-11 00:10:44'),
(92, 'Batu tersebut menghilang', '2024-06-11 00:10:44', '2024-06-11 00:10:44'),
(93, 'Mereka pulang ke rumah', '2024-06-11 00:10:44', '2024-06-11 00:10:44'),
(94, 'Mereka menjadi dua ekor burung', '2024-06-11 00:10:44', '2024-06-11 00:10:44'),
(95, 'Mereka mendapatkan hadiah', '2024-06-11 00:10:44', '2024-06-11 00:10:44'),
(96, 'Mereka menjadi batu', '2024-06-11 00:10:44', '2024-06-11 00:10:44'),
(97, 'Buaya Perompak', '2024-06-11 00:12:42', '2024-06-11 00:12:42'),
(98, 'Aminah', '2024-06-11 00:12:42', '2024-06-11 00:12:42'),
(99, 'Ibu Aminah', '2024-06-11 00:12:42', '2024-06-11 00:12:42'),
(100, 'Penduduk desa', '2024-06-11 00:12:42', '2024-06-11 00:12:42'),
(101, 'Memancing ikan', '2024-06-11 00:12:42', '2024-06-11 00:12:42'),
(102, 'Bermain air', '2024-06-11 00:12:42', '2024-06-11 00:12:42'),
(103, 'Mencuci baju', '2024-06-11 00:12:42', '2024-06-11 00:12:42'),
(104, 'Menyiram tanaman', '2024-06-11 00:12:42', '2024-06-11 00:12:42'),
(105, 'Melawan Buaya Perompak', '2024-06-11 00:12:42', '2024-06-11 00:12:42'),
(106, 'Mencuri kunci gua', '2024-06-11 00:12:42', '2024-06-11 00:12:42'),
(107, 'Menunggu Buaya Perompak tidur dan lari lewat terowongan', '2024-06-11 00:12:42', '2024-06-11 00:12:42'),
(108, 'Ditolong penduduk desa', '2024-06-11 00:12:42', '2024-06-11 00:12:42'),
(109, 'Karena Aria Tebing punya banyak teman', '2024-06-11 00:12:42', '2024-06-11 00:12:42'),
(110, 'Karena ladang Aria Tebing selalu subur', '2024-06-11 00:12:42', '2024-06-11 00:12:42'),
(111, 'Karena Aria Tebing pandai bertarung', '2024-06-11 00:12:42', '2024-06-11 00:12:42'),
(112, 'Karena Aria Tebing tinggal di kota', '2024-06-11 00:12:42', '2024-06-11 00:12:42'),
(113, 'Serunting menjadi raja', '2024-06-11 00:12:42', '2024-06-11 00:12:42'),
(114, 'Serunting mendapatkan kesaktian untuk mengutuk', '2024-06-11 00:12:42', '2024-06-11 00:12:42'),
(115, 'Serunting menemukan harta karun', '2024-06-11 00:12:42', '2024-06-11 00:12:42'),
(116, 'Serunting kembali ke desanya tanpa kesaktian', '2024-06-11 00:12:42', '2024-06-11 00:12:42'),
(117, 'Dia mengutuk mereka menjadi batu', '2024-06-11 00:12:42', '2024-06-11 00:12:42'),
(118, 'Dia memberi mereka makanan', '2024-06-11 00:12:42', '2024-06-11 00:12:42'),
(119, 'Dia menawarkan mereka untuk memiliki anak', '2024-06-11 00:12:42', '2024-06-11 00:12:42'),
(120, 'Dia meminta mereka ikut dengannya', '2024-06-11 00:12:42', '2024-06-11 00:12:42'),
(121, 'Kunti', '2024-06-11 00:14:53', '2024-06-11 00:14:53'),
(122, 'Tangko', '2024-06-11 00:14:53', '2024-06-11 00:14:53'),
(123, 'Sari Bulan', '2024-06-11 00:14:53', '2024-06-11 00:14:53'),
(124, 'Permaisuri', '2024-06-11 00:14:53', '2024-06-11 00:14:53'),
(125, 'Mereka menemukan harta karun.', '2024-06-11 00:14:53', '2024-06-11 00:14:53'),
(126, 'Sari Bulan tercebur ke laut karena diserang oleh makhluk jahat.', '2024-06-11 00:14:53', '2024-06-11 00:14:53'),
(127, 'Mereka bertemu dengan Kunti yang baik hati.', '2024-06-11 00:14:53', '2024-06-11 00:14:53'),
(128, 'Datu Panda\'i dinobatkan menjadi raja Pulau Dewa.', '2024-06-11 00:14:53', '2024-06-11 00:14:53'),
(129, 'Ditemukan oleh Tangko di dalam perut ikan.', '2024-06-11 00:14:53', '2024-06-11 00:14:53'),
(130, 'Datu Panda\'i mengajaknya ke dukun.', '2024-06-11 00:14:53', '2024-06-11 00:14:53'),
(131, 'Aipad membantunya mencari kedua biji matanya.', '2024-06-11 00:14:53', '2024-06-11 00:14:53'),
(132, 'Dia mengalami keajaiban alam.', '2024-06-11 00:14:53', '2024-06-11 00:14:53'),
(133, 'Karena kalung tersebut tidak memiliki warna yang indah', '2024-06-11 00:14:53', '2024-06-11 00:14:53'),
(134, 'Karena Putri sudah memiliki kalung lain yang lebih cantik', '2024-06-11 00:14:53', '2024-06-11 00:14:53'),
(135, 'Karena Putri tidak suka dengan perhiasan', '2024-06-11 00:14:53', '2024-06-11 00:14:53'),
(136, 'Karena Putri tidak menyukai warna kalung tersebut', '2024-06-11 00:14:53', '2024-06-11 00:14:53'),
(137, 'Rakyat mengejek Putri karena tidak menyukai hadiah dari Raja', '2024-06-11 00:14:53', '2024-06-11 00:14:53'),
(138, 'Permaisuri marah kepada Putri karena membuat keributan di pesta', '2024-06-11 00:14:53', '2024-06-11 00:14:53'),
(139, 'Air mata yang tumpah berubah menjadi aliran air yang menghanyutkan permata-permata', '2024-06-11 00:14:53', '2024-06-11 00:14:53'),
(140, 'Raja menghukum Putri dengan mengurungnya di dalam istana', '2024-06-11 00:14:53', '2024-06-11 00:14:53'),
(141, 'Permata-permata tersebut hilang tak berbekas', '2024-06-11 00:14:53', '2024-06-11 00:14:53'),
(142, 'Rakyat membantu mengumpulkan kembali permata-permata tersebut', '2024-06-11 00:14:53', '2024-06-11 00:14:53'),
(143, 'Air tersebut membentuk sebuah danau berwarna-warni yang dikenal sebagai Telaga Warna', '2024-06-11 00:14:53', '2024-06-11 00:14:53'),
(144, 'Raja dan Permaisuri marah kepada Putri karena telah merusak hadiah ulang tahunnya', '2024-06-11 00:14:53', '2024-06-11 00:14:53'),
(145, 'Dia bisa berbicara', '2024-06-11 00:19:40', '2024-06-11 00:19:40'),
(146, 'Dia memiliki bulu yang indah', '2024-06-11 00:19:40', '2024-06-11 00:19:40'),
(147, 'Dia bisa terbang tinggi', '2024-06-11 00:19:40', '2024-06-11 00:19:40'),
(148, 'Dia memiliki ekor yang panjang', '2024-06-11 00:19:40', '2024-06-11 01:53:04'),
(149, 'Raden Putra', '2024-06-11 00:19:40', '2024-06-11 00:19:40'),
(150, 'Raden Panji', '2024-06-11 00:19:40', '2024-06-11 00:19:40'),
(151, 'Raden Arjuna', '2024-06-11 00:19:40', '2024-06-11 00:19:40'),
(152, 'Raden Kresna', '2024-06-11 00:19:40', '2024-06-11 00:19:40'),
(153, 'Untuk melihat siapa yang lebih kuat', '2024-06-11 00:19:40', '2024-06-11 00:19:40'),
(154, 'Untuk mencari teman baru', '2024-06-11 00:19:40', '2024-06-11 00:19:40'),
(155, 'Untuk menunjukkan ayamnya yang baru', '2024-06-11 00:19:40', '2024-06-11 00:19:40'),
(156, 'Untuk mencari tahu siapa ayahnya', '2024-06-11 00:19:40', '2024-06-11 00:19:40'),
(157, 'Paman Kerbau', '2024-06-11 00:19:40', '2024-06-11 00:19:40'),
(158, 'Si Pemakan Banyak', '2024-06-11 00:19:40', '2024-06-11 00:19:40'),
(159, 'Si Gajah Besar', '2024-06-11 00:19:40', '2024-06-11 00:19:40'),
(160, 'Raja Bedahulu', '2024-06-11 00:19:40', '2024-06-11 00:19:40'),
(161, 'Raja Bedahulu', '2024-06-11 00:19:40', '2024-06-11 00:19:40'),
(162, 'Raja Hayam Wuruk', '2024-06-11 00:19:40', '2024-06-11 00:19:40'),
(163, 'Kebo Iwa sendiri', '2024-06-11 00:19:40', '2024-06-11 00:19:40'),
(164, 'Patih Gajah Mada', '2024-06-11 00:19:40', '2024-06-11 00:19:40'),
(165, 'Dengan memasukkan Kebo Iwa ke dalam sumur', '2024-06-11 00:19:40', '2024-06-11 00:19:40'),
(166, 'Dengan meminta bantuan Kebo Iwa untuk menggali sumur', '2024-06-11 00:19:40', '2024-06-11 00:19:40'),
(167, 'Dengan mengirim pasukan untuk menyerang Kebo Iwa', '2024-06-11 00:19:40', '2024-06-11 00:19:40'),
(168, 'Dengan mengoleskan kapur ke kepala Kebo Iwa', '2024-06-11 00:19:40', '2024-06-11 00:19:40'),
(169, 'Manik Angkeran', '2024-06-11 00:22:12', '2024-06-11 00:22:12'),
(170, 'Sidhimantra', '2024-06-11 00:22:12', '2024-06-11 00:22:12'),
(171, 'Naga Besukih', '2024-06-11 00:22:12', '2024-06-11 00:22:12'),
(172, 'Ayam sabung', '2024-06-11 00:22:12', '2024-06-11 00:22:12'),
(173, 'Membayar hutangnya', '2024-06-11 00:22:12', '2024-06-11 00:22:12'),
(174, 'Menjadi murid Naga Besukih', '2024-06-11 00:22:12', '2024-06-11 00:22:12'),
(175, 'Memotong ekor Naga Besukih', '2024-06-11 00:22:12', '2024-06-11 00:22:12'),
(176, 'Kembali menyabung ayam', '2024-06-11 00:22:12', '2024-06-11 00:22:12'),
(177, 'Menjadi kaya raya', '2024-06-11 00:22:12', '2024-06-11 00:22:12'),
(178, 'Tersambar api dan menjadi abu', '2024-06-11 00:22:12', '2024-06-11 00:22:12'),
(179, 'Menjadi murid Sidhimantra', '2024-06-11 00:22:12', '2024-06-11 00:22:12'),
(180, 'Pulang bersama ayahnya', '2024-06-11 00:22:12', '2024-06-11 00:22:12'),
(181, 'Darmi', '2024-06-11 00:22:12', '2024-06-11 00:22:12'),
(182, 'Ibu Darmi', '2024-06-11 00:22:12', '2024-06-11 00:22:12'),
(183, 'Pedagang', '2024-06-11 00:22:12', '2024-06-11 00:22:12'),
(184, 'Wanita yang berpapasan', '2024-06-11 00:22:12', '2024-06-11 00:22:12'),
(185, 'Karena dia jatuh', '2024-06-11 00:22:12', '2024-06-11 00:22:12'),
(186, 'Karena dia memukul batu', '2024-06-11 00:22:12', '2024-06-11 00:22:12'),
(187, 'Karena dia berteriak minta tolong', '2024-06-11 00:22:12', '2024-06-11 00:22:12'),
(188, 'Karena dia mengutuk ibunya', '2024-06-11 00:22:12', '2024-06-11 00:22:12'),
(189, 'Darmi menjadi lebih berterima kasih kepada ibunya', '2024-06-11 00:22:12', '2024-06-11 00:22:12'),
(190, 'Ibu Darmi memaafkan Darmi', '2024-06-11 00:22:12', '2024-06-11 00:22:12'),
(191, 'Darmi berubah menjadi batu', '2024-06-11 00:22:12', '2024-06-11 00:22:12'),
(192, 'Darmi meninggalkan ibunya', '2024-06-11 00:22:12', '2024-06-11 00:22:12'),
(193, 'Di ujung barat Pulau Jawa', '2024-06-11 00:25:36', '2024-06-11 00:25:36'),
(194, 'Di ujung timur Pulau Jawa', '2024-06-11 00:25:36', '2024-06-11 00:25:36'),
(195, 'Di tengah Pulau Jawa', '2024-06-11 00:25:36', '2024-06-11 00:25:36'),
(196, 'Di tengah laut', '2024-06-11 00:25:36', '2024-06-11 00:25:36'),
(197, 'Karena daerah ujung timur Pulau Jawa miring ke laut', '2024-06-11 00:25:36', '2024-06-11 00:25:36'),
(198, 'Karena daerah ujung barat Pulau Jawa terangkat naik', '2024-06-11 00:25:36', '2024-06-11 00:25:36'),
(199, 'Karena Pulau Jawa terlihat aneh', '2024-06-11 00:25:36', '2024-06-11 00:25:36'),
(200, 'Karena ingin membuat deretan gunung baru', '2024-06-11 00:25:36', '2024-06-11 00:25:36'),
(201, 'Menjadi Gunung Semeru', '2024-06-11 00:25:36', '2024-06-11 00:25:36'),
(202, 'Tidak ada yang terjadi', '2024-06-11 00:25:36', '2024-06-11 00:25:36'),
(203, 'Menghilang dari peradaban', '2024-06-11 00:25:36', '2024-06-11 00:25:36'),
(204, 'Tenggelam ke laut', '2024-06-11 00:25:36', '2024-06-11 00:25:36'),
(205, 'Segenggam biji mentimun', '2024-06-11 00:25:36', '2024-06-11 00:25:36'),
(206, 'Segenggam biji jagung', '2024-06-11 00:25:36', '2024-06-11 00:25:36'),
(207, 'Segenggam biji kacang panjang', '2024-06-11 00:25:36', '2024-06-11 00:25:36'),
(208, 'Segenggam biji semangka', '2024-06-11 00:25:36', '2024-06-11 00:25:36'),
(209, 'Biji-biji mentimun itu berubah menjadi ladang mentimun yang lebat', '2024-06-11 00:25:36', '2024-06-11 00:25:36'),
(210, 'Timun Mas berhasil melarikan diri tanpa masalah', '2024-06-11 00:25:36', '2024-06-11 00:25:36'),
(211, 'Raksasa terjebak di antara batang-batang pohon mentimun', '2024-06-11 00:25:36', '2024-06-11 00:25:36'),
(212, 'Mentimun-mentimun itu berubah menjadi bunga-bunga indah', '2024-06-11 00:25:36', '2024-06-11 00:25:36'),
(213, 'Terasi itu berubah menjadi lautan lumpur panas', '2024-06-11 00:25:36', '2024-06-11 00:25:36'),
(214, 'Raksasa berhasil menghentikan larinya', '2024-06-11 00:25:36', '2024-06-11 00:25:36'),
(215, 'Timun Mas terjebak di dalam lumpur', '2024-06-11 00:25:36', '2024-06-11 00:25:36'),
(216, 'Timun Mas tersesat di hutan', '2024-06-11 00:25:36', '2024-06-11 00:25:36'),
(217, 'Bawang Putih', '2024-06-11 00:25:36', '2024-06-11 00:25:36'),
(218, 'Bawang Merah', '2024-06-11 00:25:36', '2024-06-11 00:25:36'),
(219, 'Ibu tiri', '2024-06-11 00:25:36', '2024-06-11 00:25:36'),
(220, 'Kakek', '2024-06-11 00:25:36', '2024-06-11 00:25:36'),
(221, 'Keluar emas dan berlian', '2024-06-11 00:25:36', '2024-06-11 00:25:36'),
(222, 'Keluar binatang-binatang mengerikan', '2024-06-11 00:25:36', '2024-06-11 00:25:36'),
(223, 'Tidak terjadi apa-apa', '2024-06-11 00:25:36', '2024-06-11 00:25:36'),
(224, 'Keluar beras dan jagung', '2024-06-11 00:25:36', '2024-06-11 00:25:36'),
(225, 'Karena dia memilih labu yang kecil', '2024-06-11 00:25:36', '2024-06-11 00:25:36'),
(226, 'Karena dia terlalu serakah', '2024-06-11 00:25:36', '2024-06-11 00:25:36'),
(227, 'Karena labu itu berisi binatang-binatang mengerikan', '2024-06-11 00:25:36', '2024-06-11 00:25:36'),
(228, 'Karena labu itu hanyalah labu biasa', '2024-06-11 00:25:36', '2024-06-11 00:25:36'),
(229, 'Pedagang', '2024-06-11 00:29:16', '2024-06-11 00:29:16'),
(230, 'Petani', '2024-06-11 00:29:16', '2024-06-11 00:29:16'),
(231, 'Nelayan', '2024-06-11 00:29:16', '2024-06-11 00:29:16'),
(232, 'Guru', '2024-06-11 00:29:16', '2024-06-11 00:29:16'),
(233, 'Membuat tumpeng nasi yang besar', '2024-06-11 00:29:16', '2024-06-11 00:29:16'),
(234, 'Membuat catu nasi', '2024-06-11 00:29:16', '2024-06-11 00:29:16'),
(235, 'Menyimpan semua hasil panen', '2024-06-11 00:29:16', '2024-06-11 00:29:16'),
(236, 'Menjual hasil panen', '2024-06-11 00:29:16', '2024-06-11 00:29:16'),
(237, 'Karena Istri rajin membuat catu nasi', '2024-06-11 00:29:16', '2024-06-11 00:29:16'),
(238, 'Karena Suami bekerja keras di sawah', '2024-06-11 00:29:16', '2024-06-11 00:29:16'),
(239, 'Karena panen yang selalu melimpah', '2024-06-11 00:29:16', '2024-06-11 00:29:16'),
(240, 'Karena penduduk desa membantu', '2024-06-11 00:29:16', '2024-06-11 00:29:16'),
(241, 'Ulang tahun', '2024-06-11 00:29:16', '2024-06-11 00:29:16'),
(242, 'Pernikahan putrinya', '2024-06-11 00:29:16', '2024-06-11 00:29:16'),
(243, 'Panen besar', '2024-06-11 00:29:16', '2024-06-11 00:29:16'),
(244, 'Tahun baru', '2024-06-11 00:29:16', '2024-06-11 00:29:16'),
(245, 'Karena air laut surut', '2024-06-11 00:29:16', '2024-06-11 00:29:16'),
(246, 'Karena mereka tertidur', '2024-06-11 00:29:16', '2024-06-11 00:29:16'),
(247, 'Karena ada badai', '2024-06-11 00:29:16', '2024-06-11 00:29:16'),
(248, 'Karena mereka tersesat', '2024-06-11 00:29:16', '2024-06-11 00:29:16'),
(249, 'Meninggalkan pulau', '2024-06-11 00:29:16', '2024-06-11 00:29:16'),
(250, 'Memangsa ayam jantan dan bulu-bulunya', '2024-06-11 00:29:16', '2024-06-11 00:29:16'),
(251, 'Meminta maaf', '2024-06-11 00:29:16', '2024-06-11 00:29:16'),
(252, 'Berpesta lagi', '2024-06-11 00:29:16', '2024-06-11 00:29:16'),
(253, 'Patih Narottama', '2024-06-11 00:29:16', '2024-06-11 00:29:16'),
(254, 'Empu Bharada', '2024-06-11 00:29:16', '2024-06-11 00:29:16'),
(255, 'Calon Arang', '2024-06-11 00:29:16', '2024-06-11 00:29:16'),
(256, 'Bahula', '2024-06-11 00:29:16', '2024-06-11 00:29:16'),
(257, 'Raja Erlangga', '2024-06-11 00:29:16', '2024-06-11 00:29:16'),
(258, 'Bahula', '2024-06-11 00:29:16', '2024-06-11 00:29:16'),
(259, 'Supila', '2024-06-11 00:29:16', '2024-06-11 00:29:16'),
(260, 'Empu Bharada', '2024-06-11 00:29:16', '2024-06-11 00:29:16'),
(261, 'Pedang Sakti', '2024-06-11 00:29:16', '2024-06-11 00:29:16'),
(262, 'Tombak Emas', '2024-06-11 00:29:16', '2024-06-11 00:29:16'),
(263, 'Keris Weling Putih', '2024-06-11 00:29:16', '2024-06-11 00:29:16'),
(264, 'Panah Perak', '2024-06-11 00:29:16', '2024-06-11 00:29:16'),
(265, 'Bek Lihun', '2024-06-11 00:33:06', '2024-06-11 00:33:06'),
(266, 'Murtado', '2024-06-11 00:33:06', '2024-06-11 00:33:06'),
(267, 'Warsa', '2024-06-11 00:33:06', '2024-06-11 00:33:06'),
(268, 'Saomin', '2024-06-11 00:33:06', '2024-06-11 00:33:06'),
(269, 'Karena dia ingin menjadi pemimpin daerah Kemayoran', '2024-06-11 00:33:06', '2024-06-11 00:33:06'),
(270, 'Karena dia ingin melindungi penduduk kampung dari kekejian Warsa', '2024-06-11 00:33:06', '2024-06-11 00:33:06'),
(271, 'Karena dia ingin mendapatkan harta rampasan Warsa', '2024-06-11 00:33:06', '2024-06-11 00:33:06'),
(272, 'Karena dia ingin menjadi kaki tangan Belanda', '2024-06-11 00:33:06', '2024-06-11 00:33:06'),
(273, 'Menjadi pemimpin daerah Kemayoran', '2024-06-11 00:33:06', '2024-06-11 00:33:06'),
(274, 'Menyerahkan Warsa kepada Belanda', '2024-06-11 00:33:06', '2024-06-11 00:33:06'),
(275, 'Mengembalikan hasil rampokan kepada penduduk', '2024-06-11 00:33:06', '2024-06-11 00:33:06'),
(276, 'Mengusir Bek Lihun dari Kemayoran', '2024-06-11 00:33:06', '2024-06-11 00:33:06'),
(277, 'Haji Naipin', '2024-06-11 00:33:06', '2024-06-11 00:33:06'),
(278, 'Pak Piun', '2024-06-11 00:33:06', '2024-06-11 00:33:06'),
(279, 'Babah Liem', '2024-06-11 00:33:06', '2024-06-11 00:33:06'),
(280, 'Schout Heyne', '2024-06-11 00:33:06', '2024-06-11 00:33:06'),
(281, 'Karena dia ingin menjadi pahlawan', '2024-06-11 00:33:06', '2024-06-11 00:33:06'),
(282, 'Karena dia tidak takut dengan ancaman', '2024-06-11 00:33:06', '2024-06-11 00:33:06'),
(283, 'Karena dia ingin melindungi ayah dan gurunya', '2024-06-11 00:33:06', '2024-06-11 00:33:06'),
(284, 'Karena dia ingin berteman dengan pemerintah Belanda', '2024-06-11 00:33:06', '2024-06-11 00:33:06'),
(285, 'Dia menjadi pemimpin daerah', '2024-06-11 00:33:06', '2024-06-11 00:33:06'),
(286, 'Dia dihukum tembak oleh pemerintah Belanda', '2024-06-11 00:33:06', '2024-06-11 00:33:06'),
(287, 'Dia berhasil melarikan diri', '2024-06-11 00:33:06', '2024-06-11 00:33:06'),
(288, 'Dia menjadi tuan tanah', '2024-06-11 00:33:06', '2024-06-11 00:33:06'),
(289, 'Karena Tupai mencuri makanannya', '2024-06-11 00:33:06', '2024-06-11 00:33:06'),
(290, 'Karena Tupai merontokkan kenari dari pohon', '2024-06-11 00:33:06', '2024-06-11 00:33:06'),
(291, 'Karena Tupai tidur di pohonnya', '2024-06-11 00:33:06', '2024-06-11 00:33:06'),
(292, 'Karena Tupai mengganggu tidurnya', '2024-06-11 00:33:06', '2024-06-11 00:33:06'),
(293, 'Mengumpulkannya untuk persediaan', '2024-06-11 00:33:06', '2024-06-11 00:33:06'),
(294, 'Membiarkannya begitu saja', '2024-06-11 00:33:06', '2024-06-11 00:33:06'),
(295, 'Memakannya tanpa susah payah', '2024-06-11 00:33:06', '2024-06-11 00:33:06'),
(296, 'Menyimpannya di sarangnya', '2024-06-11 00:33:06', '2024-06-11 00:33:06'),
(297, 'Berpindah ke tempat lain', '2024-06-11 00:33:06', '2024-06-11 00:33:06'),
(298, 'Berbagi kenari dengan Monyet', '2024-06-11 00:33:06', '2024-06-11 00:33:06'),
(299, 'Menyimpan makanan di pohon lain', '2024-06-11 00:33:06', '2024-06-11 00:33:06'),
(300, 'Mencari makanan di tempat lain', '2024-06-11 00:33:06', '2024-06-11 00:33:06'),
(301, 'Karena Ayah pulang membawa hasil buruan', '2024-06-11 00:38:16', '2024-06-11 00:38:16'),
(302, 'Karena Ibu ingin mencari belalang', '2024-06-11 00:38:16', '2024-06-11 00:38:16'),
(303, 'Karena Ayah pulang dengan tangan kosong', '2024-06-11 00:38:16', '2024-06-11 00:38:16'),
(304, 'Karena Sulung meminta Ibu untuk pergi', '2024-06-11 00:38:16', '2024-06-11 00:38:16'),
(305, 'Batu tersebut bergetar dan bergerak', '2024-06-11 00:38:16', '2024-06-11 00:38:16'),
(306, 'Batu tersebut berubah warna', '2024-06-11 00:38:16', '2024-06-11 00:38:16'),
(307, 'Batu tersebut terbelah dan menelan Ibu', '2024-06-11 00:38:16', '2024-06-11 00:38:16'),
(308, 'Batu tersebut meledak dan pecah menjadi banyak bagian', '2024-06-11 00:38:16', '2024-06-11 00:38:16'),
(309, 'Dia pergi mencari bantuan', '2024-06-11 00:38:16', '2024-06-11 00:38:16'),
(310, 'Dia menangis dan memetik tujuh helai rambut Ibu', '2024-06-11 00:38:16', '2024-06-11 00:38:16'),
(311, 'Dia berusaha membuka batu tersebut', '2024-06-11 00:38:16', '2024-06-11 00:38:16'),
(312, 'Dia pergi mencari belalang', '2024-06-11 00:38:16', '2024-06-11 00:38:16'),
(313, 'Karena mereka melarikan diri dari kerajaan', '2024-06-11 00:38:16', '2024-06-11 00:38:16'),
(314, 'Karena pamannya yang menjadi raja sementara ingin menguasai kerajaan', '2024-06-11 00:38:16', '2024-06-11 00:38:16'),
(315, 'Karena mereka berbuat kesalahan besar', '2024-06-11 00:38:16', '2024-06-11 00:38:16'),
(316, 'Karena mereka ingin hidup sederhana', '2024-06-11 00:38:16', '2024-06-11 00:38:16'),
(317, 'Permata', '2024-06-11 00:38:16', '2024-06-11 00:38:16'),
(318, 'Emas', '2024-06-11 00:38:16', '2024-06-11 00:38:16'),
(319, 'Perak', '2024-06-11 00:38:16', '2024-06-11 00:38:16'),
(320, 'Uang', '2024-06-11 00:38:16', '2024-06-11 00:38:16'),
(321, 'Menangkap ikan besar di laut', '2024-06-11 00:38:16', '2024-06-11 00:38:16'),
(322, 'Menemukan perhiasan kuno di hutan', '2024-06-11 00:38:16', '2024-06-11 00:38:16'),
(323, 'Membawakan sebutir kelapa gading dari pulau kecil di tengah laut', '2024-06-11 00:38:16', '2024-06-11 00:38:16'),
(324, 'Mengalahkan naga di gunung', '2024-06-11 00:38:16', '2024-06-11 00:38:16'),
(325, 'Mereka terluka', '2024-06-11 00:38:16', '2024-06-11 00:38:16'),
(326, 'Mereka berhasil kabur', '2024-06-11 00:38:16', '2024-06-11 00:38:16'),
(327, 'Mereka tertangkap', '2024-06-11 00:38:16', '2024-06-11 00:38:16'),
(328, 'Mereka menemukan jalan keluar', '2024-06-11 00:38:16', '2024-06-11 00:38:16'),
(329, 'Berusaha memecahkan perangkap', '2024-06-11 00:38:16', '2024-06-11 00:38:16'),
(330, 'Berpura-pura mati', '2024-06-11 00:38:16', '2024-06-11 00:38:16'),
(331, 'Bernyanyi dengan keras', '2024-06-11 00:38:16', '2024-06-11 00:38:16'),
(332, 'Memanggil bantuan', '2024-06-11 00:38:16', '2024-06-11 00:38:16'),
(333, 'Dia terluka oleh pemburu', '2024-06-11 00:38:16', '2024-06-11 00:38:16'),
(334, 'Dia tak diberi makan yang cukup', '2024-06-11 00:38:16', '2024-06-11 00:38:16'),
(335, 'Sangkar emasnya terlalu sempit dan dia merindukan teman-temannya', '2024-06-11 00:38:16', '2024-06-11 00:38:16'),
(336, 'Dia terlalu lelah bernyanyi untuk Raja', '2024-06-11 00:38:16', '2024-06-11 00:38:16'),
(337, 'Petani', '2024-06-11 00:41:07', '2024-06-11 00:41:07'),
(338, 'Penangkap ikan', '2024-06-11 00:41:07', '2024-06-11 00:41:07'),
(339, 'Pemburu', '2024-06-11 00:41:07', '2024-06-11 00:41:07'),
(340, 'Penjaga hutan', '2024-06-11 00:41:07', '2024-06-11 00:41:07'),
(341, 'Karena ikan itu kecil', '2024-06-11 00:41:07', '2024-06-11 00:41:07'),
(342, 'Karena ikan itu sedih', '2024-06-11 00:41:07', '2024-06-11 00:41:07'),
(343, 'Karena ikan itu sakit', '2024-06-11 00:41:07', '2024-06-11 00:41:07'),
(344, 'Karena ikan itu berwarna keemasan', '2024-06-11 00:41:07', '2024-06-11 00:41:07'),
(345, 'Menyediakan uang', '2024-06-11 00:41:07', '2024-06-11 00:41:07'),
(346, 'Menyediakan ikan', '2024-06-11 00:41:07', '2024-06-11 00:41:07'),
(347, 'Menyediakan makanan lezat', '2024-06-11 00:41:07', '2024-06-11 00:41:07'),
(348, 'Menyediakan pakaian', '2024-06-11 00:41:07', '2024-06-11 00:41:07'),
(349, 'Berbicara buruk', '2024-06-11 00:41:07', '2024-06-11 00:41:07'),
(350, 'Menertawakan orang lain', '2024-06-11 00:41:07', '2024-06-11 00:41:07'),
(351, 'Membuat orang lain marah', '2024-06-11 00:41:07', '2024-06-11 00:41:07'),
(352, 'Menangis tanpa alasan', '2024-06-11 00:41:07', '2024-06-11 00:41:07'),
(353, 'Pangeran dari negeri seberang', '2024-06-11 00:41:07', '2024-06-11 00:41:07'),
(354, 'Raja muda dari negeri tetangga', '2024-06-11 00:41:07', '2024-06-11 00:41:07'),
(355, 'Raja dari negeri seberang', '2024-06-11 00:41:07', '2024-06-11 00:41:07'),
(356, 'Pangeran dari negeri tetangga', '2024-06-11 00:41:07', '2024-06-11 00:41:07'),
(357, 'Dipatuk oleh burung', '2024-06-11 00:41:07', '2024-06-11 00:41:07'),
(358, 'Jatuh tersungkur', '2024-06-11 00:41:07', '2024-06-11 00:41:07'),
(359, 'Dibasahi air', '2024-06-11 00:41:07', '2024-06-11 00:41:07'),
(360, 'Dipijat', '2024-06-11 00:41:07', '2024-06-11 00:41:07'),
(361, 'Untuk melindungi Sandean Raja', '2024-06-11 00:41:07', '2024-06-11 00:41:07'),
(362, 'Karena dia ingin menyimpannya untuk dirinya sendiri', '2024-06-11 00:41:07', '2024-06-11 00:41:07'),
(363, 'Karena dia tidak tahu di mana harus menyimpannya', '2024-06-11 00:41:07', '2024-06-11 00:41:07'),
(364, 'Karena dia takut pusaka itu hilang', '2024-06-11 00:41:07', '2024-06-11 00:41:07'),
(365, 'Dia bertemu dengan raja lain', '2024-06-11 00:41:07', '2024-06-11 00:41:07'),
(366, 'Dia digigit ular berbisa', '2024-06-11 00:41:07', '2024-06-11 00:41:07'),
(367, 'Dia menemukan pusaka lain', '2024-06-11 00:41:07', '2024-06-11 00:41:07'),
(368, 'Dia menikah dengan pangeran', '2024-06-11 00:41:07', '2024-06-11 00:41:07'),
(369, 'Pamannya, Paman Sareang', '2024-06-11 00:41:07', '2024-06-11 00:41:07'),
(370, 'Raja dari kerajaan lain', '2024-06-11 00:41:07', '2024-06-11 00:41:07'),
(371, 'Raja Sorma, kakak dari ibu mereka', '2024-06-11 00:41:07', '2024-06-11 00:41:07'),
(372, 'Dayang Bandir', '2024-06-11 00:41:07', '2024-06-11 00:41:07'),
(373, 'Untuk menikahi putri kepala kampung', '2024-06-11 00:43:38', '2024-06-11 00:43:38'),
(374, 'Untuk mencari kehidupan yang lebih baik', '2024-06-11 00:43:38', '2024-06-11 00:43:38'),
(375, 'Untuk berlibur ke pulau lain', '2024-06-11 00:43:38', '2024-06-11 00:43:38'),
(376, 'Untuk menghindari ibunya', '2024-06-11 00:43:38', '2024-06-11 00:43:38'),
(377, 'Dia menjadi nelayan yang sukses', '2024-06-11 00:43:38', '2024-06-11 00:43:38'),
(378, 'Dia lupa kepada ibunya dan menjadi saudagar yang berhasil', '2024-06-11 00:43:38', '2024-06-11 00:43:38'),
(379, 'Dia pulang dengan membawa banyak ikan', '2024-06-11 00:43:38', '2024-06-11 00:43:38'),
(380, 'Dia kembali ke kampung halamannya dengan cepat', '2024-06-11 00:43:38', '2024-06-11 00:43:38'),
(381, 'Dia langsung memeluk ibunya', '2024-06-11 00:43:38', '2024-06-11 00:43:38'),
(382, 'Dia mengakui ibunya dan membawanya pulang', '2024-06-11 00:43:38', '2024-06-11 00:43:38'),
(383, 'Dia mengingkari ibunya dan mengusirnya', '2024-06-11 00:43:38', '2024-06-11 00:43:38'),
(384, 'Dia memperkenalkan ibunya kepada istrinya', '2024-06-11 00:43:38', '2024-06-11 00:43:38'),
(385, 'Pemurah', '2024-06-11 00:43:38', '2024-06-11 00:43:38'),
(386, 'Pemberani', '2024-06-11 00:43:38', '2024-06-11 00:43:38'),
(387, 'Pendiam', '2024-06-11 00:43:38', '2024-06-11 00:43:38'),
(388, 'Suka bimbang', '2024-06-11 00:43:38', '2024-06-11 00:43:38'),
(389, 'Karena kedua pesta itu diadakan di tempat yang sama', '2024-06-11 00:43:38', '2024-06-11 00:43:38'),
(390, 'Karena kedua pesta itu diadakan pada hari yang berbeda', '2024-06-11 00:43:38', '2024-06-11 00:43:38'),
(391, 'Karena kedua pesta itu diadakan pada hari dan jam yang sama', '2024-06-11 00:43:38', '2024-06-11 00:43:38'),
(392, 'Karena dia tidak mengenal tuan rumah dari kedua pesta itu', '2024-06-11 00:43:38', '2024-06-11 00:43:38'),
(393, 'Dua kepala kambing', '2024-06-11 00:43:38', '2024-06-11 00:43:38'),
(394, 'Kepala sapi', '2024-06-11 00:43:38', '2024-06-11 00:43:38'),
(395, 'Banyak makanan', '2024-06-11 00:43:38', '2024-06-11 00:43:38'),
(396, 'Uang', '2024-06-11 00:43:38', '2024-06-11 00:43:38'),
(397, 'Karena Puti Juilan sering sakit', '2024-06-11 00:43:38', '2024-06-11 00:43:38'),
(398, 'Karena Puti Juilan belum menikah', '2024-06-11 00:43:38', '2024-06-11 00:43:38'),
(399, 'Karena kerajaan sedang dalam bahaya', '2024-06-11 00:43:38', '2024-06-11 00:43:38'),
(400, 'Karena Sutan Rumandang hilang', '2024-06-11 00:43:38', '2024-06-11 00:43:38'),
(401, 'Dia ingin pergi berlayar', '2024-06-11 00:43:38', '2024-06-11 00:43:38'),
(402, 'Dia bermimpi menikah dengan Sutan Rumandang', '2024-06-11 00:43:38', '2024-06-11 00:43:38'),
(403, 'Dia bermimpi menjadi ratu', '2024-06-11 00:43:38', '2024-06-11 00:43:38'),
(404, 'Dia bermimpi menjadi siamang putih', '2024-06-11 00:43:38', '2024-06-11 00:43:38'),
(405, 'Dia tidak mencintai Puti Juilan', '2024-06-11 00:43:38', '2024-06-11 00:43:38'),
(406, 'Dia ingin mencari kekayaan terlebih dahulu', '2024-06-11 00:43:38', '2024-06-11 00:43:38'),
(407, 'Dia sudah menikah', '2024-06-11 00:43:38', '2024-06-11 00:43:38'),
(408, 'Dia harus kembali ke negerinya', '2024-06-11 00:43:38', '2024-06-11 00:43:38'),
(409, 'Karena dia kaya raya', '2024-06-11 00:46:19', '2024-06-11 00:46:19'),
(410, 'Karena dia hidup sebatang kara', '2024-06-11 00:46:19', '2024-06-11 00:46:19'),
(411, 'Karena dia ingin memiliki anak perempuan', '2024-06-11 00:46:19', '2024-06-11 00:46:19'),
(412, 'Karena bayi itu cantik', '2024-06-11 00:46:19', '2024-06-11 00:46:19'),
(413, 'Dia adalah keturunan raja', '2024-06-11 00:46:19', '2024-06-11 00:46:19'),
(414, 'Dia adalah penghuni sungai', '2024-06-11 00:46:19', '2024-06-11 00:46:19'),
(415, 'Dia memiliki kekuatan super', '2024-06-11 00:46:19', '2024-06-11 00:46:19'),
(416, 'Dia bisa berubah menjadi ikan', '2024-06-11 00:46:19', '2024-06-11 00:46:19'),
(417, 'Jangan pernah memintanya untuk menangis', '2024-06-11 00:46:19', '2024-06-11 00:46:19'),
(418, 'Jangan pernah memintanya untuk tertawa', '2024-06-11 00:46:19', '2024-06-11 00:46:19'),
(419, 'Jangan pernah memintanya untuk menyanyi', '2024-06-11 00:46:19', '2024-06-11 00:46:19'),
(420, 'Jangan pernah memintanya untuk memasak', '2024-06-11 00:46:19', '2024-06-11 00:46:19'),
(421, 'Karena mereka tidak suka satu sama lain', '2024-06-11 00:46:19', '2024-06-11 00:46:19'),
(422, 'Karena mereka tidak memiliki makanan', '2024-06-11 00:46:19', '2024-06-11 00:46:19'),
(423, 'Karena mereka membandingkan sarang mereka', '2024-06-11 00:46:19', '2024-06-11 00:46:19'),
(424, 'Karena mereka bertengkar tentang pohon', '2024-06-11 00:46:19', '2024-06-11 00:46:19'),
(425, 'Untuk membuktikan bahwa sarangnya lebih bagus', '2024-06-11 00:46:19', '2024-06-11 00:46:19'),
(426, 'Karena burung Puyuh tidak punya sarang', '2024-06-11 00:46:19', '2024-06-11 00:46:19'),
(427, 'Karena burung Tempua kesepian', '2024-06-11 00:46:19', '2024-06-11 00:46:19'),
(428, 'Karena burung Puyuh meminta izin', '2024-06-11 00:46:19', '2024-06-11 00:46:19'),
(429, 'Sarang Tempua terlalu kecil', '2024-06-11 00:46:19', '2024-06-11 00:46:19'),
(430, 'Tempua tidak punya air dan angin bertiup kencang', '2024-06-11 00:46:19', '2024-06-11 00:46:19'),
(431, 'Sarang Tempua terlalu dingin', '2024-06-11 00:46:19', '2024-06-11 00:46:19'),
(432, 'Tempua mengganggunya sepanjang malam', '2024-06-11 00:46:19', '2024-06-11 00:46:19'),
(433, 'Dia berlari menjauh', '2024-06-11 00:46:19', '2024-06-11 00:46:19'),
(434, 'Dia membunuh ular itu', '2024-06-11 00:46:19', '2024-06-11 00:46:19'),
(435, 'Dia memelihara ular itu', '2024-06-11 00:46:19', '2024-06-11 00:46:19'),
(436, 'Dia melaporkan kepada Raja', '2024-06-11 00:46:19', '2024-06-11 00:46:19'),
(437, 'Karena Bujang Enok mengundang mereka', '2024-06-11 00:46:19', '2024-06-11 00:46:19'),
(438, 'Sebagai ucapan terima kasih karena Bujang Enok membunuh ular berbisa', '2024-06-11 00:46:19', '2024-06-11 00:46:19'),
(439, 'Karena Bujang Enok memohon bantuan', '2024-06-11 00:46:19', '2024-06-11 00:46:19'),
(440, 'Karena mereka adalah teman Bujang Enok', '2024-06-11 00:46:19', '2024-06-11 00:46:19'),
(441, 'Dia kehilangan selendangnya', '2024-06-11 00:46:19', '2024-06-11 00:46:19'),
(442, 'Dia takut terbang', '2024-06-11 00:46:19', '2024-06-11 00:46:19'),
(443, 'Dia jatuh sakit', '2024-06-11 00:46:19', '2024-06-11 00:46:19'),
(444, 'Dia tidak mau kembali', '2024-06-11 00:46:19', '2024-06-11 00:46:19'),
(445, 'Bertarung dengan Nenek Gergasi', '2024-06-11 00:49:50', '2024-06-11 00:49:50'),
(446, 'Menyembunyikan diri dan menakut-nakuti Nenek Gergasi', '2024-06-11 00:49:50', '2024-06-11 00:49:50'),
(447, 'Meminta bantuan penduduk', '2024-06-11 00:49:50', '2024-06-11 00:49:50'),
(448, 'Melaporkan kepada Raja', '2024-06-11 00:49:50', '2024-06-11 00:49:50'),
(449, 'Karena Raja tidak suka pada Kelingking', '2024-06-11 00:49:50', '2024-06-11 00:49:50'),
(450, 'Karena Kelingking dianggap tidak pantas untuk putrinya', '2024-06-11 00:49:50', '2024-06-11 00:49:50'),
(451, 'Karena Raja sudah punya calon lain untuk putrinya', '2024-06-11 00:49:50', '2024-06-11 00:49:50'),
(452, 'Karena Kelingking berbuat salah di istana', '2024-06-11 00:49:50', '2024-06-11 00:49:50'),
(453, 'Pergi berburu di hutan', '2024-06-11 00:49:50', '2024-06-11 00:49:50'),
(454, 'Mengunjungi telaga untuk mandi', '2024-06-11 00:49:50', '2024-06-11 00:49:50'),
(455, 'Berlatih sebagai panglima perang', '2024-06-11 00:49:50', '2024-06-11 00:49:50'),
(456, 'Menjaga keamanan istana', '2024-06-11 00:49:50', '2024-06-11 00:49:50'),
(457, 'Mereka ingin ibu yang lebih kuat', '2024-06-11 00:49:50', '2024-06-11 00:49:50'),
(458, 'Mereka ingin ibu yang cantik', '2024-06-11 00:49:50', '2024-06-11 00:49:50'),
(459, 'Mereka kecewa karena pemuda yang batal menikahi mereka tidak mau punya mertua seekor kucing', '2024-06-11 00:49:50', '2024-06-11 00:49:50'),
(460, 'Mereka ingin ibu yang lebih besar', '2024-06-11 00:49:50', '2024-06-11 00:49:50'),
(461, 'Matahari', '2024-06-11 00:49:50', '2024-06-11 00:49:50'),
(462, 'Awan', '2024-06-11 00:49:50', '2024-06-11 00:49:50'),
(463, 'Gunung', '2024-06-11 00:49:50', '2024-06-11 00:49:50'),
(464, 'Tikus', '2024-06-11 00:49:50', '2024-06-11 00:49:50'),
(465, 'Karena dia tidak cukup kuat', '2024-06-11 00:49:50', '2024-06-11 00:49:50'),
(466, 'Karena dia bisa ditiup oleh angin dan menabrak Gunung', '2024-06-11 00:49:50', '2024-06-11 00:49:50'),
(467, 'Karena dia tidak bisa menerangi dunia', '2024-06-11 00:49:50', '2024-06-11 00:49:50'),
(468, 'Karena dia takut pada Tikus', '2024-06-11 00:49:50', '2024-06-11 00:49:50'),
(469, 'Raja Sriwijaya', '2024-06-11 00:49:50', '2024-06-11 00:49:50'),
(470, 'Tan Boen An', '2024-06-11 00:49:50', '2024-06-11 00:49:50'),
(471, 'Siti Fatimah', '2024-06-11 00:49:50', '2024-06-11 00:49:50'),
(472, 'Prajurit Kerajaan', '2024-06-11 00:49:50', '2024-06-11 00:49:50'),
(473, 'Karena guci-guci itu kosong', '2024-06-11 00:49:50', '2024-06-11 00:49:50'),
(474, 'Karena ia marah dan malu', '2024-06-11 00:49:50', '2024-06-11 00:49:50'),
(475, 'Karena ia tidak suka dengan isinya', '2024-06-11 00:49:50', '2024-06-11 00:49:50'),
(476, 'Karena ia ingin menyelesaikan pernikahannya dengan Siti Fatimah', '2024-06-11 00:49:50', '2024-06-11 00:49:50'),
(477, 'Berbatang-batang sayuran', '2024-06-11 00:49:50', '2024-06-11 00:49:50'),
(478, 'Berbatang-batang emas', '2024-06-11 00:49:50', '2024-06-11 00:49:50'),
(479, 'Berbatang-batang kayu', '2024-06-11 00:49:50', '2024-06-11 00:49:50'),
(480, 'Berbatang-batang bunga', '2024-06-11 00:49:50', '2024-06-11 00:49:50'),
(481, 'Raja', '2024-06-11 00:52:26', '2024-06-11 00:52:26'),
(482, 'Putri Jelitani', '2024-06-11 00:52:26', '2024-06-11 00:52:26'),
(483, 'Ibu Putri Jelitani', '2024-06-11 00:52:26', '2024-06-11 00:52:26'),
(484, 'Penasihat Istana', '2024-06-11 00:52:26', '2024-06-11 00:52:26'),
(485, 'Negeri dilanda banjir', '2024-06-11 00:52:26', '2024-06-11 00:52:26'),
(486, 'Negeri dilanda kekeringan panjang', '2024-06-11 00:52:26', '2024-06-11 00:52:26'),
(487, 'Negeri diserang oleh musuh', '2024-06-11 00:52:26', '2024-06-11 00:52:26'),
(488, 'Negeri mengalami bencana gempa bumi', '2024-06-11 00:52:26', '2024-06-11 00:52:26'),
(489, 'Berdoa agar hujan segera datang', '2024-06-11 00:52:26', '2024-06-11 00:52:26'),
(490, 'Mencari air dari sumber yang dalam', '2024-06-11 00:52:26', '2024-06-11 00:52:26'),
(491, 'Melakukan upacara khusus', '2024-06-11 00:52:26', '2024-06-11 00:52:26'),
(492, 'Meminta bantuan dari kerajaan tetangga', '2024-06-11 00:52:26', '2024-06-11 00:52:26'),
(493, 'Raja', '2024-06-11 00:52:26', '2024-06-11 00:52:26'),
(494, 'Putri Mahkota', '2024-06-11 00:52:26', '2024-06-11 00:52:26'),
(495, 'Gajah Meram dan istri', '2024-06-11 00:52:26', '2024-06-11 00:52:26'),
(496, 'Penasihat istana', '2024-06-11 00:52:26', '2024-06-11 00:52:26'),
(497, 'Memiliki ilmu kungfu yang hebat', '2024-06-11 00:52:26', '2024-06-11 00:52:26'),
(498, 'Berjalan di dalam air dan menggunakan senjata pusaka', '2024-06-11 00:52:26', '2024-06-11 00:52:26'),
(499, 'Mengendalikan kekuatan angin', '2024-06-11 00:52:26', '2024-06-11 00:52:26'),
(500, 'Melakukan sihir untuk memanggil hujan', '2024-06-11 00:52:26', '2024-06-11 00:52:26'),
(501, 'Pedang dan perisai', '2024-06-11 00:52:26', '2024-06-11 00:52:26'),
(502, 'Keris dan selendang', '2024-06-11 00:52:26', '2024-06-11 00:52:26'),
(503, 'Tombak dan tameng', '2024-06-11 00:52:26', '2024-06-11 00:52:26'),
(504, 'Busur dan anak panah', '2024-06-11 00:52:26', '2024-06-11 00:52:26'),
(505, 'Mencari tabib lain', '2024-06-11 00:52:26', '2024-06-11 00:52:26'),
(506, 'Menyediakan obat dari tanaman langka', '2024-06-11 00:52:26', '2024-06-11 00:52:26'),
(507, 'Mencari bara ajaib di puncak gunung', '2024-06-11 00:52:26', '2024-06-11 00:52:26'),
(508, 'Berdoa di kuil', '2024-06-11 00:52:26', '2024-06-11 00:52:26'),
(509, 'Putri sulung', '2024-06-11 00:52:26', '2024-06-11 00:52:26'),
(510, 'Putri tengah', '2024-06-11 00:52:26', '2024-06-11 00:52:26'),
(511, 'Putri bungsu', '2024-06-11 00:52:26', '2024-06-11 00:52:26'),
(512, 'Ketiga putri bersama-sama', '2024-06-11 00:52:26', '2024-06-11 00:52:26'),
(513, 'Membawa makanan', '2024-06-11 00:52:26', '2024-06-11 00:52:26'),
(514, 'Tinggal bersama Ular N\'Daung selamanya', '2024-06-11 00:52:26', '2024-06-11 00:52:26'),
(515, 'Mengalahkan Ular N\'Daung dalam pertempuran', '2024-06-11 00:52:26', '2024-06-11 00:52:26'),
(516, 'Memberi emas dan permata', '2024-06-11 00:52:26', '2024-06-11 00:52:26'),
(517, 'Mereka bermain di hutan', '2024-06-11 00:55:34', '2024-06-11 00:55:34'),
(518, 'Mereka mencari buah-buahan untuk makan', '2024-06-11 00:55:34', '2024-06-11 00:55:34'),
(519, 'Mereka bersembunyi dari raksasa', '2024-06-11 00:55:34', '2024-06-11 00:55:34'),
(520, 'Mereka mencari jalan pulang', '2024-06-11 00:55:34', '2024-06-11 00:55:34'),
(521, 'Si Sulung', '2024-06-11 00:55:34', '2024-06-11 00:55:34'),
(522, 'Si Bungsu', '2024-06-11 00:55:34', '2024-06-11 00:55:34'),
(523, 'Si Tengah', '2024-06-11 00:55:34', '2024-06-11 00:55:34'),
(524, 'Burung Kenui', '2024-06-11 00:55:34', '2024-06-11 00:55:34'),
(525, 'Mereka langsung masuk ke dalam rumah', '2024-06-11 00:55:34', '2024-06-11 00:55:34'),
(526, 'Mereka bertemu dengan pemilik rumah', '2024-06-11 00:55:34', '2024-06-11 00:55:34'),
(527, 'Mereka mendengar suara raksasa dan melihat dua raksasa sedang mandi', '2024-06-11 00:55:34', '2024-06-11 00:55:34'),
(528, 'Mereka melihat rumah kosong', '2024-06-11 00:55:34', '2024-06-11 00:55:34'),
(529, 'Dia ingin mencari pekerjaan yang lebih baik', '2024-06-11 00:55:34', '2024-06-11 00:55:34'),
(530, 'Gubuknya terbakar habis', '2024-06-11 00:55:34', '2024-06-11 00:55:34'),
(531, 'Dia mencari seseorang', '2024-06-11 00:55:34', '2024-06-11 00:55:34'),
(532, 'Dia diusir oleh warga desa', '2024-06-11 00:55:34', '2024-06-11 00:55:34'),
(533, 'Di tengah hutan', '2024-06-11 00:55:34', '2024-06-11 00:55:34'),
(534, 'Di tepi laut', '2024-06-11 00:55:34', '2024-06-11 00:55:34'),
(535, 'Di dekat sungai yang jernih', '2024-06-11 00:55:34', '2024-06-11 00:55:34'),
(536, 'Di puncak gunung', '2024-06-11 00:55:34', '2024-06-11 00:55:34'),
(537, 'Emas dan permata', '2024-06-11 00:55:34', '2024-06-11 00:55:34'),
(538, 'Pedang dan tongkat kayu berbentuk ular', '2024-06-11 00:55:34', '2024-06-11 00:55:34'),
(539, 'Peta harta karun', '2024-06-11 00:55:34', '2024-06-11 00:55:34'),
(540, 'Batu akik', '2024-06-11 00:55:34', '2024-06-11 00:55:34'),
(541, 'Karena ia berasal dari desa Katak', '2024-06-11 00:55:34', '2024-06-11 00:55:34'),
(542, 'Karena ia suka memelihara katak', '2024-06-11 00:55:34', '2024-06-11 00:55:34'),
(543, 'Karena ia mirip katak dengan kulit licin dan berwarna kehijauan', '2024-06-11 00:55:34', '2024-06-11 00:55:34'),
(544, 'Karena ia sering menangkap katak', '2024-06-11 00:55:34', '2024-06-11 00:55:34'),
(545, 'Membelikan pakaian baru', '2024-06-11 00:55:34', '2024-06-11 00:55:34'),
(546, 'Melamarkan salah satu putri raja untuknya', '2024-06-11 00:55:34', '2024-06-11 00:55:34'),
(547, 'Mencarikan pekerjaan baru', '2024-06-11 00:55:34', '2024-06-11 00:55:34'),
(548, 'Membuatkan makanan favoritnya', '2024-06-11 00:55:34', '2024-06-11 00:55:34'),
(549, 'Karena Bujang Katak memiliki banyak harta', '2024-06-11 00:55:34', '2024-06-11 00:55:34'),
(550, 'Karena Bujang Katak terkenal sebagai pria yang baik', '2024-06-11 00:55:34', '2024-06-11 00:55:34'),
(551, 'Karena ia kasihan kepada Bujang Katak', '2024-06-11 00:55:34', '2024-06-11 00:55:34'),
(552, 'Karena ia ingin membuat Raja marah', '2024-06-11 00:55:34', '2024-06-11 00:55:34'),
(553, 'Karena Si Penyumpit tidak punya pekerjaan lain', '2024-06-11 00:57:56', '2024-06-11 00:57:56'),
(554, 'Karena Si Penyumpit ahli dalam berburu hewan', '2024-06-11 00:57:56', '2024-06-11 00:57:56'),
(555, 'Karena almarhum ayah Si Penyumpit pernah berhutang pada Pak Raje', '2024-06-11 00:57:56', '2024-06-11 00:57:56'),
(556, 'Karena Si Penyumpit ingin mendapatkan upah', '2024-06-11 00:57:56', '2024-06-11 00:57:56'),
(557, 'Ia membiarkan babi hutan memakan padi', '2024-06-11 00:57:56', '2024-06-11 00:57:56'),
(558, 'Ia menembak babi hutan dengan senapan', '2024-06-11 00:57:56', '2024-06-11 00:57:56'),
(559, 'Ia menggunakan alat sumpit untuk menyerang babi hutan', '2024-06-11 00:57:56', '2024-06-11 00:57:56'),
(560, 'Ia lari meninggalkan sawah', '2024-06-11 00:57:56', '2024-06-11 00:57:56'),
(561, 'Karena ia ingin memastikan babi hutan mati', '2024-06-11 00:57:56', '2024-06-11 00:57:56'),
(562, 'Karena ia penasaran ke mana babi hutan itu pergi', '2024-06-11 00:57:56', '2024-06-11 00:57:56'),
(563, 'Karena ia ingin menangkap babi hutan itu', '2024-06-11 00:57:56', '2024-06-11 00:57:56'),
(564, 'Karena ia ingin melaporkan ke Pak Raje', '2024-06-11 00:57:56', '2024-06-11 00:57:56'),
(565, 'Mereka ingin mencari keluarga', '2024-06-11 00:57:56', '2024-06-11 00:57:56'),
(566, 'Mereka ingin mencari kehidupan yang lebih baik', '2024-06-11 00:57:56', '2024-06-11 00:57:56'),
(567, 'Mereka ingin berlibur', '2024-06-11 00:57:56', '2024-06-11 00:57:56'),
(568, 'Mereka ingin mencari obat', '2024-06-11 00:57:56', '2024-06-11 00:57:56'),
(569, 'Emas', '2024-06-11 00:57:56', '2024-06-11 00:57:56'),
(570, 'Mutiara', '2024-06-11 00:57:56', '2024-06-11 00:57:56'),
(571, 'Teripang', '2024-06-11 00:57:56', '2024-06-11 00:57:56'),
(572, 'Ikan besar', '2024-06-11 00:57:56', '2024-06-11 00:57:56'),
(573, 'Dia tetap rendah hati', '2024-06-11 00:57:56', '2024-06-11 00:57:56'),
(574, 'Dia menjadi sombong', '2024-06-11 00:57:56', '2024-06-11 00:57:56'),
(575, 'Dia menjadi dermawan', '2024-06-11 00:57:56', '2024-06-11 00:57:56'),
(576, 'Dia pindah ke pulau lain', '2024-06-11 00:57:56', '2024-06-11 00:57:56'),
(577, 'Ditemukan di hutan oleh Batin Lagoi', '2024-06-11 00:57:56', '2024-06-11 00:57:56'),
(578, 'Ditemukan di keranjang dekat semak-semak pandan yang berduri', '2024-06-11 00:57:56', '2024-06-11 00:57:56'),
(579, 'Ditemukan oleh penduduk Pulau Bintan', '2024-06-11 00:57:56', '2024-06-11 00:57:56'),
(580, 'Ditemukan di pinggir pantai oleh Batin Lagoi', '2024-06-11 00:57:56', '2024-06-11 00:57:56'),
(581, 'Penduduk Pulau Bintan', '2024-06-11 00:57:56', '2024-06-11 00:57:56'),
(582, 'Batin Lagoi', '2024-06-11 00:57:56', '2024-06-11 00:57:56'),
(583, 'Ayah Jenang Perkasa', '2024-06-11 00:57:56', '2024-06-11 00:57:56'),
(584, 'Julela', '2024-06-11 00:57:56', '2024-06-11 00:57:56'),
(585, 'Bijaksana dan santun', '2024-06-11 00:57:56', '2024-06-11 00:57:56'),
(586, 'Angkuh, suka dihormati, dan keras hati', '2024-06-11 00:57:56', '2024-06-11 00:57:56'),
(587, 'Ramah dan baik hati', '2024-06-11 00:57:56', '2024-06-11 00:57:56'),
(588, 'Pemalu dan penakut', '2024-06-11 00:57:56', '2024-06-11 00:57:56');

-- --------------------------------------------------------

--
-- Table structure for table `missions`
--

CREATE TABLE `missions` (
  `id` bigint(20) NOT NULL,
  `title` varchar(100) DEFAULT NULL,
  `condition` int(11) DEFAULT 0,
  `created_at` timestamp NOT NULL DEFAULT current_timestamp(),
  `updated_at` timestamp NOT NULL DEFAULT current_timestamp() ON UPDATE current_timestamp()
) ENGINE=InnoDB DEFAULT CHARSET=utf8mb4 COLLATE=utf8mb4_general_ci;

--
-- Dumping data for table `missions`
--

INSERT INTO `missions` (`id`, `title`, `condition`, `created_at`, `updated_at`) VALUES
(1, 'Baca 5 Cerita', 5, '2024-06-08 00:29:39', '2024-06-08 00:46:28'),
(2, 'Baca 10 Cerita', 5, '2024-06-08 00:29:39', '2024-06-08 00:46:28'),
(3, 'Baca 15 cerita', 5, '2024-06-08 00:29:39', '2024-06-08 00:46:28'),
(4, 'Baca 25 cerita', 5, '2024-06-08 00:29:39', '2024-06-08 00:46:28'),
(5, 'Baca 35 Cerita', 5, '2024-06-08 00:29:39', '2024-06-08 00:46:28'),
(6, 'Baca50Cerita', 5, '2024-06-08 00:29:39', '2024-06-08 00:46:28');

-- --------------------------------------------------------

--
-- Table structure for table `quizzes`
--

CREATE TABLE `quizzes` (
  `id` bigint(20) NOT NULL,
  `question` text DEFAULT NULL,
  `answer` varchar(100) DEFAULT NULL,
  `created_at` timestamp NOT NULL DEFAULT current_timestamp(),
  `updated_at` timestamp NOT NULL DEFAULT current_timestamp() ON UPDATE current_timestamp()
) ENGINE=InnoDB DEFAULT CHARSET=utf8mb4 COLLATE=utf8mb4_general_ci;

--
-- Dumping data for table `quizzes`
--

INSERT INTO `quizzes` (`id`, `question`, `answer`, `created_at`, `updated_at`) VALUES
(1, 'Siapakah nama putri yang cantik jelita dalam cerita ini?\n', 'Tumbai', '2024-06-02 15:20:15', '2024-06-02 15:20:15'),
(2, 'Siapakah yang berhasil memenuhi syarat Tumbai?\n', 'Seorang pemuda yang sakti dari daerah aliran Sungai Barito\n', '2024-06-02 15:21:38', '2024-06-02 15:21:38'),
(3, 'Apa yang menjadi syarat Tumbai untuk menerima lamaran pemuda?\n', 'Pemuda harus bisa mengubah air tawar menjadi air asin\n', '2024-06-02 15:22:10', '2024-06-02 15:22:10'),
(4, 'Siapa nama anjing yang menemani Dayang Sumbi di hutan?\n', 'Tumang', '2024-06-08 03:13:17', '2024-06-08 03:13:17'),
(5, 'Apa yang terjadi pada Sangkuriang ketika ibunya melemparkan sendoknya?\n', 'Dia terluka di kepala', '2024-06-08 03:13:17', '2024-06-08 03:13:17'),
(6, 'Siapa tokoh utama dalam cerita ini?\n', 'Sangkuriang', '2024-06-08 03:13:17', '2024-06-08 03:13:17'),
(7, 'Mengapa Pak Kikir mengadakan pesta?', 'Karena dia ingin mendapatkan hasil panen yang baik', '2024-06-10 19:21:56', '2024-06-10 19:21:56'),
(8, 'Apa yang dilakukan anak Pak Kikir ketika nenek tua meminta makanan?', 'Memberi nenek tua sepiring nasi', '2024-06-10 19:21:56', '2024-06-10 19:21:56'),
(9, 'Apa yang terjadi pada desa Pak Kikir saat hujan deras turun?', 'Desa tenggelam dalam banjir', '2024-06-10 19:21:56', '2024-06-10 19:21:56'),
(10, 'Siapa yang menjadi Ratu setelah Prabu Tapa Agung?', 'Purbasari', '2024-06-10 19:24:13', '2024-06-10 19:24:13'),
(11, 'Apa yang terjadi pada kulit Purbasari?', 'Menjadi hitam dan berdarah', '2024-06-10 19:24:13', '2024-06-10 19:24:13'),
(12, 'Siapa yang membantu Purbasari sembuh?', 'Lutung Kasarung', '2024-06-10 19:24:13', '2024-06-10 19:24:13'),
(13, 'Siapakah nama kakak yang pendengki dalam cerita \"Keong Mas\"?', 'Dewi Galuh', '2024-06-10 19:24:13', '2024-06-10 19:24:13'),
(14, 'Apa yang dilakukan oleh nenek nelayan setelah menemukan Keong Mas?', 'Membawanya pulang dan menyimpannya dalam tempayan', '2024-06-10 19:24:13', '2024-06-10 19:24:13'),
(15, 'Siapa yang membantu Pangeran Inu Kertapati menemukan Candra Kirana?', 'Kakek sakti', '2024-06-10 19:24:13', '2024-06-10 19:24:13'),
(16, 'Siapa yang mengadakan sayembara di cerita ini?', 'Raja Brawijaya', '2024-06-10 19:26:29', '2024-06-10 19:26:29'),
(17, 'Apa yang diminta Putri Pusparani sebagai mas kawin dari Lembu Sura?', 'Sumur di puncak Gunung Kelud', '2024-06-10 19:26:29', '2024-06-10 19:26:29'),
(18, 'Apa yang terjadi setiap dua windu sekali menurut sumpah Lembu Sura?', 'Gunung Kelud meletus', '2024-06-10 19:26:29', '2024-06-10 19:26:29'),
(19, 'Siapa yang ingin menikah dengan Roro Jonggrang?', 'Bandung Bondowoso', '2024-06-10 19:26:29', '2024-06-10 19:26:29'),
(20, 'Berapa jumlah candi yang diminta Roro Jonggrang kepada Bandung Bondowoso?', '1000 candi', '2024-06-10 19:26:29', '2024-06-10 19:26:29'),
(21, 'Apa yang dilakukan Roro Jonggrang dan Bi Sumi agar langit terlihat seperti sudah pagi?', 'Membakar jerami dan menumbuk lesung', '2024-06-10 19:26:29', '2024-06-10 19:26:29'),
(22, 'Siapa yang menjaga kebun ayah Suri Ikun dari serangan babi hutan?', 'Suri Ikun', '2024-06-10 19:33:15', '2024-06-10 19:33:15'),
(23, 'Apa yang dilakukan Suri Ikun terhadap dua ekor burung yang masuk ke gua?', 'Merawat mereka', '2024-06-10 19:33:15', '2024-06-10 19:33:15'),
(24, 'Bagaimana Suri Ikun akhirnya bisa bebas dari gua?', 'Kedua burung dan teman-temannya menyerang hantu-hantu', '2024-06-10 19:33:15', '2024-06-10 19:33:15'),
(25, 'Siapa nama suami dari Inaq Lembain?', 'Amaq Lembain', '2024-06-10 19:33:15', '2024-06-10 19:33:15'),
(26, 'Apa yang terjadi pada batu yang diduduki oleh anak-anak Inaq Lembain?', 'Batu tersebut bergerak naik ke atas', '2024-06-10 19:33:15', '2024-06-10 19:33:15'),
(27, 'Apa yang terjadi pada anak-anak Inaq Lembain setelah batu golog pecah?', 'Mereka menjadi dua ekor burung', '2024-06-10 19:33:15', '2024-06-10 19:33:15'),
(28, 'Siapa yang suka menculik penduduk desa di Sungai Tulang Bawang?', 'Buaya Perompak', '2024-06-10 19:33:15', '2024-06-10 19:33:15'),
(29, 'Apa yang dilakukan Aminah di sungai sebelum diculik Buaya Perompak?', 'Mencuci baju', '2024-06-10 19:33:15', '2024-06-10 19:33:15'),
(30, 'Bagaimana Aminah berhasil keluar dari gua Buaya Perompak?', 'Menunggu Buaya Perompak tidur dan lari lewat terowongan', '2024-06-10 19:33:15', '2024-06-10 19:33:15'),
(31, 'Mengapa Serunting iri pada Aria Tebing?', 'Karena ladang Aria Tebing selalu subur', '2024-06-10 19:36:54', '2024-06-10 19:36:54'),
(32, 'Apa yang terjadi setelah Serunting bertapa di bawah pohon bambu selama dua tahun?', 'Serunting mendapatkan kesaktian untuk mengutuk', '2024-06-10 19:36:54', '2024-06-10 19:36:54'),
(33, 'Apa yang dilakukan Serunting saat bertemu dengan sepasang kakek dan nenek yang renta?', 'Dia menawarkan mereka untuk memiliki anak', '2024-06-10 19:36:54', '2024-06-10 19:36:54'),
(34, 'Siapakah yang menjadi istri Datu Panda\'i?', 'Sari Bulan', '2024-06-10 19:36:54', '2024-06-10 19:36:54'),
(35, 'Apa yang terjadi ketika kapal Datu Panda\'i singgah di Pulau Dewa?', 'Sari Bulan tercebur ke laut karena diserang oleh makhluk jahat.', '2024-06-10 19:36:54', '2024-06-10 19:36:54'),
(36, 'Bagaimana Sari Bulan bisa melihat kembali setelah kehilangan mata?', 'Ditemukan oleh Tangko di dalam perut ikan.', '2024-06-10 19:36:54', '2024-06-10 19:36:54'),
(37, 'Mengapa Putri menolak mengenakan kalung yang diberikan oleh Raja?', 'Karena Putri tidak menyukai warna kalung tersebut', '2024-06-10 19:36:54', '2024-06-10 19:36:54'),
(38, 'Apa yang terjadi setelah kalung jatuh dan permata-permata berserakan di lantai?', 'Air mata yang tumpah berubah menjadi aliran air yang menghanyutkan permata-permata', '2024-06-10 19:36:54', '2024-06-10 19:36:54'),
(39, 'Apa yang terjadi setelah aliran air menghanyutkan permata-permata?', 'Air tersebut membentuk sebuah danau berwarna-warni yang dikenal sebagai Telaga Warna', '2024-06-10 19:36:54', '2024-06-10 19:36:54'),
(40, 'Apa yang membuat ayam jantan Cindelaras istimewa?', 'Dia bisa berbicara', '2024-06-10 19:38:34', '2024-06-10 19:38:34'),
(41, 'Siapa nama ayah Cindelaras?', 'Raden Putra', '2024-06-10 19:38:34', '2024-06-10 19:38:34'),
(42, 'Mengapa Cindelaras ingin mengadu ayam dengan ayam Raden Putra?', 'Untuk mencari tahu siapa ayahnya', '2024-06-10 19:38:34', '2024-06-10 19:38:34'),
(43, 'Kebo Iwa dikenal dengan nama lain karena kebiasaannya yang suka makan banyak. Apa nama lainnya?', 'Paman Kerbau', '2024-06-10 19:38:34', '2024-06-10 19:38:34'),
(44, 'Siapakah yang mengundang Kebo Iwa ke Majapahit dan menawarkan perdamaian?', 'Patih Gajah Mada', '2024-06-10 19:38:34', '2024-06-10 19:38:34'),
(45, 'Bagaimana cara Patih Gajah Mada mengalahkan Kebo Iwa?', 'Dengan mengoleskan kapur ke kepala Kebo Iwa', '2024-06-10 19:38:34', '2024-06-10 19:38:34'),
(46, 'Siapa tokoh utama dalam cerita ini?', 'Manik Angkeran', '2024-06-10 19:38:34', '2024-06-10 19:38:34'),
(47, 'Apa yang dilakukan Manik Angkeran setelah mendapat harta dari Naga Besukih?', 'Kembali menyabung ayam', '2024-06-10 19:38:34', '2024-06-10 19:38:34'),
(48, 'Bagaimana akhir cerita Manik Angkeran?', 'Tersambar api dan menjadi abu', '2024-06-10 19:38:34', '2024-06-10 19:38:34'),
(49, 'Siapa tokoh utama dalam cerita \"Batu Menangis\"?', 'Darmi', '2024-06-10 19:40:30', '2024-06-10 19:40:30'),
(50, 'Apa penyebab Darmi berubah menjadi batu?', 'Karena dia mengutuk ibunya', '2024-06-10 19:40:30', '2024-06-10 19:40:30'),
(51, 'Apa yang terjadi setelah Darmi mengucapkan permintaan maaf kepada ibunya?', 'Darmi berubah menjadi batu', '2024-06-10 19:40:30', '2024-06-10 19:40:30'),
(52, 'Di manakah letak Gunung Mahameru pada awal cerita?', 'Di ujung timur Pulau Jawa', '2024-06-10 19:40:30', '2024-06-10 19:40:30'),
(53, 'Mengapa para dewa memindahkan Gunung Mahameru?', 'Karena daerah ujung timur Pulau Jawa miring ke laut', '2024-06-10 19:40:30', '2024-06-10 19:40:30'),
(54, 'Apa yang terjadi saat puncak Gunung Mahameru jatuh?', 'Menjadi Gunung Semeru', '2024-06-10 19:40:30', '2024-06-10 19:40:30'),
(55, 'Apa yang diberikan raksasa kepada Mbok Sarni untuk memenuhi keinginannya memiliki anak?', 'Segenggam biji mentimun', '2024-06-10 19:40:30', '2024-06-10 19:40:30'),
(56, 'Apa yang terjadi ketika Timun Mas melemparkan biji mentimun saat dikejar oleh raksasa?', 'Biji-biji mentimun itu berubah menjadi ladang mentimun yang lebat', '2024-06-10 19:40:30', '2024-06-10 19:40:30'),
(57, 'Apa yang terjadi ketika Timun Mas melemparkan isi bungkusan keempat?', 'Terasi itu berubah menjadi lautan lumpur panas', '2024-06-10 19:40:30', '2024-06-10 19:40:30'),
(58, 'Siapa yang tinggal bersama ayahnya di desa?', 'Bawang Putih', '2024-06-10 19:42:52', '2024-06-10 19:42:52'),
(59, 'Apa yang terjadi pada labu yang dipilih Bawang Putih?', 'Keluar emas dan berlian', '2024-06-10 19:42:52', '2024-06-10 19:42:52'),
(60, 'Mengapa Bawang Merah tidak mendapatkan emas dan berlian dari labu yang dia pilih?', 'Karena dia terlalu serakah', '2024-06-10 19:42:52', '2024-06-10 19:42:52'),
(61, 'Apa pekerjaan sepasang suami istri dalam cerita ini?', 'Petani', '2024-06-10 19:42:52', '2024-06-10 19:42:52'),
(62, 'Apa yang dilakukan Istri saat hasil panen pertama mereka melimpah?', 'Membuat tumpeng nasi yang besar', '2024-06-10 19:42:52', '2024-06-10 19:42:52'),
(63, 'Mengapa onggokan tanah berubah menjadi bukit?', 'Karena Istri rajin membuat catu nasi', '2024-06-10 19:42:52', '2024-06-10 19:42:52'),
(64, 'Apa yang dirayakan oleh nelayan dengan pesta besar-besaran?', 'Pernikahan putrinya', '2024-06-10 19:42:52', '2024-06-10 19:42:52'),
(65, 'Mengapa ikan tongkol tidak bisa kembali ke laut setelah pesta?', 'Karena air laut surut', '2024-06-10 19:42:52', '2024-06-10 19:42:52'),
(66, 'Apa yang dilakukan ikan tongkol setelah kecewa dengan kelalaian ayam jantan?', 'Memangsa ayam jantan dan bulu-bulunya', '2024-06-10 19:42:52', '2024-06-10 19:42:52'),
(67, 'Siapa yang menyebarkan penyakit aneh di Kerajaan Kahuripan?', 'Calon Arang', '2024-06-10 19:42:52', '2024-06-10 19:42:52'),
(68, 'Siapa yang berhasil menemukan rahasia Calon Arang?', 'Bahula', '2024-06-10 19:42:52', '2024-06-10 19:42:52'),
(69, 'Dengan senjata apa Calon Arang bisa dikalahkan?', 'Keris Weling Putih', '2024-06-10 19:42:52', '2024-06-10 19:42:52'),
(70, 'Siapa yang memimpin kawanan perampok di daerah Kemayoran?', 'Warsa', '2024-06-10 19:48:45', '2024-06-10 19:48:45'),
(71, 'Mengapa Murtado setuju untuk membantu Bek Lihun?', 'Karena dia ingin melindungi penduduk kampung dari kekejian Warsa', '2024-06-10 19:48:45', '2024-06-10 19:48:45'),
(72, 'Apa yang dilakukan Murtado setelah mengalahkan Warsa?', 'Mengembalikan hasil rampokan kepada penduduk', '2024-06-10 19:48:45', '2024-06-10 19:48:45'),
(73, 'Siapa yang menjadi tuan tanah dan sering merampas harta rakyat di cerita Si Pitung?', 'Babah Liem', '2024-06-10 19:48:45', '2024-06-10 19:48:45'),
(74, 'Mengapa Si Pitung menyerahkan diri kepada Schout Heyne?', 'Karena dia ingin melindungi ayah dan gurunya\r\n', '2024-06-10 19:48:45', '2024-06-10 19:48:45'),
(75, 'Bagaimana akhir dari kehidupan Si Pitung dalam cerita ini?', 'Dia dihukum tembak oleh pemerintah Belanda', '2024-06-10 19:48:45', '2024-06-10 19:48:45'),
(76, 'Mengapa Monyet merasa kesal pada Tupai di pagi hari?', 'Karena Tupai mengganggu tidurnya', '2024-06-10 19:48:45', '2024-06-10 19:48:45'),
(77, 'Apa yang dilakukan Monyet saat melihat buah-buahan yang jatuh di tanah?', 'Memakannya tanpa susah payah', '2024-06-10 19:48:45', '2024-06-10 19:48:45'),
(78, 'Apa yang dilakukan Tupai saat musim kemarau tiba?', 'Berbagi kenari dengan Monyet', '2024-06-10 19:48:45', '2024-06-10 19:48:45'),
(79, 'Mengapa Ibu memutuskan untuk pergi mencari makanan sendiri?', 'Karena Ayah pulang dengan tangan kosong', '2024-06-10 19:48:45', '2024-06-10 19:48:45'),
(80, 'Apa yang terjadi ketika Ibu duduk di atas batu besar yang dikenal dengan nama Atu Belah?', 'Batu tersebut terbelah dan menelan Ibu', '2024-06-10 19:48:45', '2024-06-10 19:48:45'),
(81, 'Apa yang dilakukan Sulung setelah Ibu tertelan oleh Atu Belah?', 'Dia menangis dan memetik tujuh helai rambut Ibu', '2024-06-10 19:48:45', '2024-06-10 19:48:45'),
(82, 'Mengapa Pangeran Amat Mude dan Ratu dibuang ke dalam hutan?', 'Karena pamannya yang menjadi raja sementara ingin menguasai kerajaan', '2024-06-10 19:51:40', '2024-06-10 19:51:40'),
(83, 'Apa yang ditemukan Ratu di setiap perut ikan yang dipotong oleh Pangeran Amat Mude?', 'Emas', '2024-06-10 19:51:40', '2024-06-10 19:51:40'),
(84, 'Apa tantangan yang diberikan oleh paman Pangeran Amat Mude untuk mendapatkan takhta kerajaan?', 'Membawakan sebutir kelapa gading dari pulau kecil di tengah laut', '2024-06-10 19:51:40', '2024-06-10 19:51:40'),
(85, 'Apa yang terjadi pada burung-burung parkit saat masuk ke dalam perangkap pemburu?', 'Mereka tertangkap', '2024-06-10 19:51:40', '2024-06-10 19:51:40'),
(86, 'Apa yang dilakukan burung-burung parkit agar pemburu melepaskan mereka?', 'Berpura-pura mati', '2024-06-10 19:51:40', '2024-06-10 19:51:40'),
(87, 'Mengapa Raja Parkit jatuh sakit saat tinggal di istana?', 'Sangkar emasnya terlalu sempit dan dia merindukan teman-temannya', '2024-06-10 19:51:40', '2024-06-10 19:51:40'),
(88, 'Apa pekerjaan pemuda dalam cerita ini?', 'Penangkap ikan', '2024-06-10 19:51:40', '2024-06-10 19:51:40'),
(89, 'Mengapa pemuda tidak tega memasak ikan tangkapannya?', 'Karena ikan itu sedih', '2024-06-10 19:51:40', '2024-06-10 19:51:40'),
(90, 'Apa yang dilakukan ikan keemasan setiap hari untuk pemuda?', 'Menyediakan makanan lezat', '2024-06-10 19:51:40', '2024-06-10 19:51:40'),
(91, 'Apa yang sering dikatakan putri pada orang lain yang membuatnya jadi ular?', 'Berbicara buruk', '2024-06-10 19:51:40', '2024-06-10 19:51:40'),
(92, 'Siapa yang melamar putri untuk dijadikan permaisuri?', 'Pangeran dari negeri seberang', '2024-06-10 19:51:40', '2024-06-10 19:51:40'),
(93, 'Apa yang terjadi pada hidung putri saat dia sedang mandi di danau kecil?', 'Dipatuk oleh burung', '2024-06-10 19:51:40', '2024-06-10 19:51:40'),
(94, 'Mengapa Dayang Bandir menyembunyikan pusaka kerajaan?', 'Untuk melindungi Sandean Raja', '2024-06-10 19:54:29', '2024-06-10 19:54:29'),
(95, 'Apa yang terjadi pada Dayang Bandir saat dia pergi meninggalkan istana?', 'Dia digigit ular berbisa', '2024-06-10 19:54:29', '2024-06-10 19:54:29'),
(96, 'Siapa yang Sandean Raja temui di Kerajaan Barat?', 'Raja Sorma, kakak dari ibu mereka', '2024-06-10 19:54:29', '2024-06-10 19:54:29'),
(97, 'Mengapa Malin Kundang pergi merantau?', 'Untuk mencari kehidupan yang lebih baik', '2024-06-10 19:54:29', '2024-06-10 19:54:29'),
(98, 'Bagaimana nasib Malin Kundang setelah dia merantau?', 'Dia lupa kepada ibunya dan menjadi saudagar yang berhasil', '2024-06-10 19:54:29', '2024-06-10 19:54:29'),
(99, 'Apa yang terjadi ketika Malin Kundang bertemu dengan ibunya setelah bertahun-tahun?', 'Dia mengingkari ibunya dan mengusirnya', '2024-06-10 19:54:29', '2024-06-10 19:54:29'),
(100, 'Apa sifat utama yang dimiliki oleh Si Lebai?', 'Suka bimbang', '2024-06-10 19:54:29', '2024-06-10 19:54:29'),
(101, 'Mengapa Si Lebai bingung untuk memutuskan ke pesta mana yang akan didatangi?', 'Karena kedua pesta itu diadakan pada hari dan jam yang sama', '2024-06-10 19:54:29', '2024-06-10 19:54:29'),
(102, 'Apa yang dijanjikan oleh tuan rumah pertama kepada Si Lebai?', 'Kepala sapi', '2024-06-10 19:54:29', '2024-06-10 19:54:29'),
(103, 'Mengapa Tuanku Raja Kecik merasa gelisah?', 'Karena Puti Juilan belum menikah', '2024-06-10 19:54:29', '2024-06-10 19:54:29'),
(104, 'Apa yang diceritakan Puti Juilan kepada kakeknya?', 'Dia bermimpi menikah dengan Sutan Rumandang', '2024-06-10 19:54:29', '2024-06-10 19:54:29'),
(105, 'Mengapa Sutan Rumandang menolak menikah segera dengan Puti Juilan?', 'Dia ingin mencari kekayaan terlebih dahulu', '2024-06-10 19:54:29', '2024-06-10 19:54:29'),
(106, 'Mengapa Awang Gading memutuskan untuk mengambil bayi perempuan yang ditemukan di dalam keranjang?', 'Karena dia hidup sebatang kara', '2024-06-10 19:56:53', '2024-06-10 19:56:53'),
(107, 'Apa yang membuat Dayang Kumunah berbeda dari manusia biasa?', 'Dia adalah penghuni sungai', '2024-06-10 19:56:53', '2024-06-10 19:56:53'),
(108, 'Apa permintaan Dayang Kumunah kepada Awangku Usop sebelum menikah?', 'Jangan pernah memintanya untuk tertawa', '2024-06-10 19:56:53', '2024-06-10 19:56:53'),
(109, 'Mengapa burung Tempua dan burung Puyuh berselisih?', 'Karena mereka membandingkan sarang mereka', '2024-06-10 19:56:53', '2024-06-10 19:56:53'),
(110, 'Mengapa burung Tempua mengajak burung Puyuh menginap di sarangnya?', 'Untuk membuktikan bahwa sarangnya lebih bagus', '2024-06-10 19:56:53', '2024-06-10 19:56:53'),
(111, 'Apa yang membuat burung Puyuh tidak nyaman saat menginap di sarang burung Tempua?', 'Tempua tidak punya air dan angin bertiup kencang', '2024-06-10 19:56:53', '2024-06-10 19:56:53'),
(112, 'Apa yang dilakukan Bujang Enok saat pertama kali bertemu dengan ular berbisa?', 'Dia membunuh ular itu', '2024-06-10 19:56:53', '2024-06-10 19:56:53'),
(113, 'Mengapa tujuh wanita cantik menyediakan makanan untuk Bujang Enok?', 'Sebagai ucapan terima kasih karena Bujang Enok membunuh ular berbisa', '2024-06-10 19:56:53', '2024-06-10 19:56:53'),
(114, 'Mengapa wanita berselendang jingga tidak dapat terbang kembali ke kayangan?', 'Dia kehilangan selendangnya', '2024-06-10 19:56:53', '2024-06-10 19:56:53'),
(115, 'Apa yang dilakukan Kelingking untuk mengusir Nenek Gergasi?', 'Menyembunyikan diri dan menakut-nakuti Nenek Gergasi', '2024-06-10 19:56:53', '2024-06-10 19:56:53'),
(116, 'Mengapa Raja marah ketika Kelingking menyampaikan keinginannya untuk menikahi putrinya?', 'Karena Kelingking dianggap tidak pantas untuk putrinya', '2024-06-10 19:56:53', '2024-06-10 19:56:53'),
(117, 'Apa yang dilakukan Kelingking tiap malam setelah menikah dengan Putri?', 'Mengunjungi telaga untuk mandi', '2024-06-10 19:56:53', '2024-06-10 19:56:53'),
(118, 'Mengapa Mimi dan Mini memutuskan untuk mencari ibu baru?', 'Mereka kecewa karena pemuda yang batal menikahi mereka tidak mau punya mertua seekor kucing', '2024-06-10 19:59:31', '2024-06-10 19:59:31'),
(119, 'Siapa yang pertama kali ditemui Mimi dan Mini dalam pencarian ibu baru?', 'Matahari', '2024-06-10 19:59:31', '2024-06-10 19:59:31'),
(120, 'Mengapa Awan merasa tidak pantas menjadi ibu Mimi dan Mini?', 'Karena dia bisa ditiup oleh angin dan menabrak Gunung', '2024-06-10 19:59:31', '2024-06-10 19:59:31'),
(121, 'Siapakah tokoh utama dalam cerita legenda Pulau Kemaro?', 'Siti Fatimah', '2024-06-10 19:59:31', '2024-06-10 19:59:31'),
(122, 'Mengapa Tan Boen An membuang guci-guci yang dibawanya ke Sungai Musi?', 'Karena ia marah dan malu', '2024-06-10 19:59:31', '2024-06-10 19:59:31'),
(123, 'Apa yang ditemukan di dalam salah satu guci yang pecah di Sungai Musi?', 'Berbatang-batang emas', '2024-06-10 19:59:31', '2024-06-10 19:59:31'),
(124, 'Siapakah tokoh utama dalam cerita Putri Kemarau?', 'Putri Jelitani', '2024-06-10 19:59:31', '2024-06-10 19:59:31'),
(125, 'Apa yang terjadi pada negeri Raja dalam cerita?', 'Negeri dilanda kekeringan panjang', '2024-06-10 19:59:31', '2024-06-10 19:59:31'),
(126, 'Apa yang disarankan oleh Putri Jelitani agar musim kemarau berlalu?', 'Berdoa agar hujan segera datang', '2024-06-10 19:59:31', '2024-06-10 19:59:31'),
(127, 'Siapa yang hilang di Danau Tes dalam cerita ini?', 'Gajah Meram dan istri', '2024-06-10 19:59:31', '2024-06-10 19:59:31'),
(128, 'Apa senjata pusaka yang didapatkan oleh Gajah Merik dari kakek dalam mimpinya?', 'Berjalan di dalam air dan menggunakan senjata pusaka', '2024-06-10 19:59:31', '2024-06-10 19:59:31'),
(129, 'Apa senjata pusaka yang didapatkan oleh Gajah Merik dari kakek dalam mimpinya?', 'Keris dan selendang', '2024-06-10 19:59:31', '2024-06-10 19:59:31'),
(130, 'Apa yang harus dilakukan oleh ketiga putri untuk menyembuhkan ibu mereka?', 'Mencari bara ajaib di puncak gunung', '2024-06-10 20:02:41', '2024-06-10 20:03:11'),
(131, 'Siapa yang bersedia pergi mencari bara ajaib untuk menyembuhkan ibunya?', 'Putri bungsu', '2024-06-10 20:02:41', '2024-06-10 20:03:34'),
(132, 'Apa syarat yang diberikan oleh Ular N\'Daung kepada si Bungsu untuk mendapatkan bara ajaib?', 'Tinggal bersama Ular N\'Daung selamanya', '2024-06-10 20:02:41', '2024-06-10 20:03:41'),
(133, 'Mengapa ketujuh gadis tersesat di dalam hutan?', 'Mereka mencari buah-buahan untuk makan', '2024-06-10 20:02:41', '2024-06-10 20:03:46'),
(134, 'Siapa yang memberi ide untuk terus berjalan agar menemukan jalan keluar dari hutan?', 'Si Bungsu', '2024-06-10 20:02:41', '2024-06-10 20:03:53'),
(135, 'Apa yang terjadi setelah ketujuh gadis menemukan rumah besar di tepi hutan?', 'Mereka mendengar suara raksasa dan melihat dua raksasa sedang mandi', '2024-06-10 20:02:41', '2024-06-10 20:03:58'),
(136, 'Apa yang membuat Domas pergi meninggalkan desanya?', 'Gubuknya terbakar habis', '2024-06-10 20:02:41', '2024-06-10 20:04:04'),
(137, 'Di mana Domas membangun rumahnya setelah meninggalkan desanya?', 'Di dekat sungai yang jernih', '2024-06-10 20:02:41', '2024-06-10 20:04:10'),
(138, 'Apa yang ditemukan Domas setelah bertapa di gua kecil di pinggir hutan?', 'Pedang dan tongkat kayu berbentuk ular', '2024-06-10 20:02:41', '2024-06-10 20:04:15'),
(139, 'Mengapa Bujang Katak disebut dengan nama tersebut?', 'Karena ia mirip katak dengan kulit licin dan berwarna kehijauan', '2024-06-10 20:02:41', '2024-06-10 20:04:24'),
(140, 'Apa yang diminta Bujang Katak kepada ibunya?', 'Melamarkan salah satu putri raja untuknya', '2024-06-10 20:02:41', '2024-06-10 20:04:31'),
(141, 'Mengapa putri bungsu setuju untuk dilamar oleh Bujang Katak?', 'Karena Bujang Katak terkenal sebagai pria yang baik', '2024-06-10 20:02:41', '2024-06-10 20:04:36'),
(142, 'Mengapa Si Penyumpit diminta oleh Pak Raje untuk menjaga sawahnya?', 'Karena almarhum ayah Si Penyumpit pernah berhutang pada Pak Raje', '2024-06-10 20:07:07', '2024-06-10 20:42:38'),
(143, 'Apa yang dilakukan Si Penyumpit saat gerombolan babi hutan datang ke sawah Pak Raje?', 'Ia menggunakan alat sumpit untuk menyerang babi hutan', '2024-06-10 20:07:07', '2024-06-10 20:42:44'),
(144, 'Mengapa Si Penyumpit mengikuti jejak darah babi hutan yang terluka?', 'Karena ia penasaran ke mana babi hutan itu pergi', '2024-06-10 20:07:07', '2024-06-10 20:42:50'),
(145, 'Mengapa Baitusen dan Mai Lamah merantau ke Pulau Bunguran?', 'Mereka ingin mencari kehidupan yang lebih baik', '2024-06-10 20:07:07', '2024-06-10 20:42:55'),
(146, 'Apa yang ditemukan Baitusen di Pulau Bunguran yang membuatnya senang?', 'Teripang', '2024-06-10 20:07:07', '2024-06-10 20:43:02'),
(147, 'Bagaimana sikap Mai Lamah setelah menjadi kaya?', 'Dia menjadi sombong', '2024-06-10 20:07:07', '2024-06-10 20:43:08'),
(148, 'Bagaimana Putri Pandan Berduri ditemukan?', 'Ditemukan di keranjang dekat semak-semak pandan yang berduri', '2024-06-10 20:07:07', '2024-06-10 20:43:14'),
(149, 'Siapa yang mengangkat Putri Pandan Berduri sebagai anak?', 'Batin Lagoi', '2024-06-10 20:07:07', '2024-06-10 20:43:22'),
(150, 'Bagaimana sifat Julela?', 'Angkuh, suka dihormati, dan keras hati', '2024-06-10 20:07:07', '2024-06-10 20:43:27');

-- --------------------------------------------------------

--
-- Table structure for table `quiz_choice_links`
--

CREATE TABLE `quiz_choice_links` (
  `quiz_id` bigint(20) NOT NULL,
  `choice_id` bigint(20) NOT NULL
) ENGINE=InnoDB DEFAULT CHARSET=utf8mb4 COLLATE=utf8mb4_general_ci;

--
-- Dumping data for table `quiz_choice_links`
--

INSERT INTO `quiz_choice_links` (`quiz_id`, `choice_id`) VALUES
(1, 1),
(1, 2),
(1, 3),
(1, 4),
(2, 5),
(2, 6),
(2, 7),
(2, 8),
(3, 9),
(3, 10),
(3, 11),
(3, 12),
(4, 13),
(4, 14),
(4, 15),
(4, 16),
(5, 17),
(5, 18),
(5, 19),
(5, 20),
(6, 21),
(6, 22),
(6, 23),
(6, 24),
(7, 25),
(7, 26),
(7, 27),
(7, 28),
(8, 29),
(8, 30),
(8, 31),
(8, 32),
(9, 33),
(9, 34),
(9, 35),
(9, 36),
(13, 37),
(13, 38),
(13, 39),
(13, 40),
(14, 41),
(14, 42),
(14, 43),
(14, 44),
(15, 45),
(15, 46),
(15, 47),
(15, 48),
(16, 49),
(16, 50),
(16, 51),
(16, 52),
(17, 53),
(17, 54),
(17, 55),
(17, 56),
(18, 57),
(18, 58),
(18, 59),
(18, 60),
(19, 61),
(19, 62),
(19, 63),
(19, 64),
(20, 65),
(20, 66),
(20, 67),
(20, 68),
(21, 69),
(21, 70),
(21, 71),
(21, 72),
(22, 73),
(22, 74),
(22, 75),
(22, 76),
(23, 77),
(23, 78),
(23, 79),
(23, 80),
(24, 81),
(24, 82),
(24, 83),
(24, 84),
(25, 85),
(25, 86),
(25, 87),
(25, 88),
(26, 89),
(26, 90),
(26, 91),
(26, 92),
(27, 93),
(27, 94),
(27, 95),
(27, 96),
(28, 97),
(28, 98),
(28, 99),
(28, 100),
(29, 101),
(29, 102),
(29, 103),
(29, 104),
(30, 105),
(30, 106),
(30, 107),
(30, 108),
(31, 109),
(31, 110),
(31, 111),
(31, 112),
(32, 113),
(32, 114),
(32, 115),
(32, 116),
(33, 117),
(33, 118),
(33, 119),
(33, 120),
(34, 121),
(34, 122),
(34, 123),
(34, 124),
(35, 125),
(35, 126),
(35, 127),
(35, 128),
(36, 129),
(36, 130),
(36, 131),
(36, 132),
(37, 133),
(37, 134),
(37, 135),
(37, 136),
(38, 137),
(38, 138),
(38, 139),
(38, 140),
(39, 141),
(39, 142),
(39, 143),
(39, 144),
(40, 145),
(40, 146),
(40, 147),
(40, 148),
(41, 149),
(41, 150),
(41, 151),
(41, 152),
(42, 153),
(42, 154),
(42, 156),
(42, 157),
(43, 158),
(43, 159),
(43, 160),
(43, 161),
(44, 162),
(44, 163),
(44, 164),
(44, 165),
(45, 166),
(45, 167),
(45, 168),
(45, 169),
(46, 169),
(46, 170),
(46, 171),
(46, 172),
(47, 173),
(47, 174),
(47, 175),
(47, 176),
(48, 177),
(48, 178),
(48, 179),
(48, 180),
(49, 181),
(49, 182),
(49, 183),
(49, 184),
(50, 185),
(50, 186),
(50, 187),
(50, 188),
(51, 189),
(51, 190),
(51, 191),
(51, 192),
(52, 193),
(52, 194),
(52, 195),
(52, 196),
(53, 197),
(53, 198),
(53, 199),
(53, 200),
(54, 201),
(54, 202),
(54, 203),
(54, 204),
(55, 205),
(55, 206),
(55, 207),
(55, 208),
(56, 209),
(56, 210),
(56, 211),
(56, 212),
(57, 213),
(57, 214),
(57, 215),
(57, 216),
(58, 217),
(58, 218),
(58, 219),
(58, 220),
(59, 221),
(59, 222),
(59, 223),
(59, 224),
(60, 225),
(60, 226),
(60, 227),
(60, 228),
(61, 229),
(61, 230),
(61, 231),
(61, 232),
(62, 233),
(62, 234),
(62, 235),
(62, 236),
(63, 237),
(63, 238),
(63, 239),
(63, 240),
(64, 241),
(64, 242),
(64, 243),
(64, 244),
(65, 245),
(65, 246),
(65, 247),
(65, 248),
(66, 249),
(66, 250),
(66, 251),
(66, 252),
(67, 253),
(67, 254),
(67, 255),
(67, 256),
(68, 257),
(68, 258),
(68, 259),
(68, 260),
(69, 261),
(69, 262),
(69, 263),
(69, 264),
(70, 265),
(70, 266),
(70, 267),
(70, 268),
(71, 269),
(71, 270),
(71, 271),
(71, 272),
(72, 273),
(72, 274),
(72, 275),
(72, 276),
(73, 277),
(73, 278),
(73, 279),
(73, 280),
(74, 281),
(74, 282),
(74, 283),
(74, 284),
(75, 285),
(75, 286),
(75, 287),
(75, 288),
(76, 289),
(76, 290),
(76, 291),
(76, 292),
(77, 293),
(77, 294),
(77, 295),
(77, 296),
(78, 297),
(78, 298),
(78, 299),
(78, 300),
(79, 301),
(79, 302),
(79, 303),
(79, 304),
(80, 305),
(80, 306),
(80, 307),
(80, 308),
(81, 309),
(81, 310),
(81, 311),
(81, 312),
(82, 313),
(82, 314),
(82, 315),
(82, 316),
(83, 317),
(83, 318),
(83, 319),
(83, 320),
(84, 321),
(84, 322),
(84, 323),
(84, 324),
(85, 325),
(85, 326),
(85, 327),
(85, 328),
(86, 329),
(86, 330),
(86, 331),
(86, 332),
(87, 333),
(87, 334),
(87, 335),
(87, 336),
(88, 337),
(88, 338),
(88, 339),
(88, 340),
(89, 341),
(89, 342),
(89, 343),
(89, 344),
(90, 345),
(90, 346),
(90, 347),
(90, 348),
(91, 349),
(91, 350),
(91, 351),
(91, 352),
(92, 353),
(92, 354),
(92, 355),
(92, 356),
(93, 357),
(93, 358),
(93, 359),
(93, 360),
(94, 361),
(94, 362),
(94, 363),
(94, 364),
(95, 365),
(95, 366),
(95, 367),
(95, 368),
(96, 369),
(96, 370),
(96, 371),
(96, 372),
(97, 373),
(97, 374),
(97, 375),
(97, 376),
(98, 377),
(98, 378),
(98, 379),
(98, 380),
(99, 381),
(99, 382),
(99, 383),
(99, 384),
(100, 385),
(100, 386),
(100, 387),
(100, 388),
(101, 389),
(101, 390),
(101, 391),
(101, 392),
(102, 393),
(102, 394),
(102, 395),
(102, 396),
(103, 397),
(103, 398),
(103, 399),
(103, 400),
(104, 401),
(104, 402),
(104, 403),
(104, 404),
(105, 405),
(105, 406),
(105, 407),
(105, 408),
(106, 409),
(106, 410),
(106, 411),
(106, 412),
(107, 413),
(107, 414),
(107, 415),
(107, 416),
(108, 417),
(108, 418),
(108, 419),
(108, 420),
(109, 421),
(109, 422),
(109, 423),
(109, 424),
(110, 425),
(110, 426),
(110, 427),
(110, 428),
(111, 429),
(111, 430),
(111, 431),
(111, 432),
(112, 433),
(112, 434),
(112, 435),
(112, 436),
(113, 437),
(113, 438),
(113, 439),
(113, 440),
(114, 441),
(114, 442),
(114, 443),
(114, 444),
(115, 445),
(115, 446),
(115, 447),
(115, 448),
(116, 449),
(116, 450),
(116, 451),
(116, 452),
(117, 453),
(117, 454),
(117, 455),
(117, 456),
(118, 457),
(118, 458),
(118, 459),
(118, 460),
(119, 461),
(119, 462),
(119, 463),
(119, 464),
(120, 465),
(120, 466),
(120, 467),
(120, 468),
(121, 469),
(121, 470),
(121, 471),
(121, 472),
(122, 473),
(122, 474),
(122, 475),
(122, 476),
(123, 477),
(123, 478),
(123, 479),
(123, 480),
(124, 481),
(124, 482),
(124, 483),
(124, 484),
(125, 485),
(125, 486),
(125, 487),
(125, 488),
(126, 489),
(126, 490),
(126, 491),
(126, 492),
(127, 493),
(127, 494),
(127, 495),
(127, 496),
(128, 497),
(128, 498),
(128, 499),
(128, 500),
(129, 501),
(129, 502),
(129, 503),
(129, 504),
(130, 505),
(130, 506),
(130, 507),
(130, 508),
(131, 509),
(131, 510),
(131, 511),
(131, 512),
(132, 513),
(132, 514),
(132, 515),
(132, 516),
(133, 517),
(133, 518),
(133, 519),
(133, 520),
(134, 521),
(134, 522),
(134, 523),
(134, 524),
(135, 525),
(135, 526),
(135, 527),
(135, 528),
(136, 529),
(136, 530),
(136, 531),
(136, 532),
(137, 533),
(137, 534),
(137, 535),
(137, 536),
(138, 537),
(138, 538),
(138, 539),
(138, 540),
(139, 541),
(139, 542),
(139, 543),
(139, 544),
(140, 545),
(140, 546),
(140, 547),
(140, 548),
(141, 549),
(141, 550),
(141, 551),
(141, 552),
(142, 553),
(142, 554),
(142, 555),
(142, 556),
(143, 557),
(143, 558),
(143, 559),
(143, 560),
(144, 561),
(144, 562),
(144, 563),
(144, 564),
(145, 565),
(145, 566),
(145, 567),
(145, 568),
(146, 569),
(146, 570),
(146, 571),
(146, 572),
(147, 573),
(147, 574),
(147, 575),
(147, 576),
(148, 577),
(148, 578),
(148, 579),
(148, 580),
(149, 581),
(149, 582),
(149, 583),
(149, 584),
(150, 585),
(150, 586),
(150, 587),
(150, 588);

-- --------------------------------------------------------

--
-- Table structure for table `stories`
--

CREATE TABLE `stories` (
  `id` bigint(20) NOT NULL,
  `title` varchar(255) DEFAULT NULL,
  `overview` text DEFAULT NULL,
  `origin` varchar(100) DEFAULT NULL,
  `author` varchar(100) DEFAULT NULL,
  `genre` varchar(100) DEFAULT NULL,
  `thumbnail` varchar(255) DEFAULT NULL,
  `created_at` timestamp NOT NULL DEFAULT current_timestamp(),
  `updated_at` timestamp NOT NULL DEFAULT current_timestamp() ON UPDATE current_timestamp()
) ENGINE=InnoDB DEFAULT CHARSET=utf8mb4 COLLATE=utf8mb4_general_ci;

--
-- Dumping data for table `stories`
--

INSERT INTO `stories` (`id`, `title`, `overview`, `origin`, `author`, `genre`, `thumbnail`, `created_at`, `updated_at`) VALUES
(1, 'Legenda Sumber Garam Sepang', 'Permintaan Tumbai kepada pemuda yang ingin menikahinya untuk mengubah sumber air tawar Sepang menjadi sumber air asin. ', 'Kalimantan Tengah', 'Tenas Effendy', 'Legenda', 'Legenda-Sumber-Garam-Sepang-1.png', '2024-06-07 04:30:16', '2024-06-07 04:33:29'),
(2, 'Sangkuriang & Dayang Sumbi', 'Cerita tentang Dayang Sumbi dan putranya, Sangkuriang, yang tanpa sadar hampir menikahi ibunya sendiri yang akhirnya gagal karena luka yang ada dikepala Sangkuriang.', 'Jawa Barat', 'D. H. Sunjaya', 'Legenda', NULL, '2024-06-08 01:57:18', '2024-06-08 01:57:18'),
(3, 'Asal Mula Kota Cianjur', ' Cerita tentang Pak Kikir yang pelit dan putranya yang baik hati, yang mengajarkan pentingnya berbagi dan bijaksana dalam keputusan, membawa perubahan besar pada sebuah desa hingga menjadi Cianjur, sebuah daerah penghasil beras terkenal.', 'Jawa Barat', 'Tim S.M.I.L.E', 'Sage', NULL, '2024-06-08 03:20:57', '2024-06-08 03:20:57'),
(4, 'Lutung Kasarung', 'Purbasari, putri yang diasingkan karena penyakit misterius, sembuh berkat bantuan Lutung Kasarung yang merupakan cinta sejatinya dalam sosok pangeran yang terkutuk.', 'Jawa Barat', 'Lilis Hu', 'Mitos', NULL, '2024-06-08 03:20:57', '2024-06-08 03:20:57'),
(5, 'Keong Mas', 'Dewi Galuh yang pendengki menyihir adiknya, Candra Kirana, menjadi Keong Mas untuk merebut Pangeran Inu Kertapati, namun berkat bantuan seorang kakek sakti dan kegigihan pangeran, Candra Kirana kembali ke wujud semula, memaafkan kakaknya, dan menikah dengan Pangeran Inu Kertapati.', 'Jawa Timur', 'Tira Ikranegara', 'Mitos', NULL, '2024-06-08 03:20:57', '2024-06-08 03:20:57'),
(6, 'Kisah Lembu Sura', 'Lembu Sura, seorang pemuda berkepala lembu yang memenangkan sayembara Raja Brawijaya, mengutuk Gunung Kelud untuk meletus setiap dua windu setelah tipu daya Raja dan Putri Pusparani menggagalkan upayanya memenuhi mas kawin yang mustahil.', 'Jawa Timur', 'Nowo Beny Harjito', 'Mitos', NULL, '2024-06-08 03:24:04', '2024-06-08 03:24:04'),
(7, 'Roro Jonggrang', 'Roro Jonggrang mengelabui Bandung Bondowoso untuk gagal memenuhi syarat membuat seribu candi dalam semalam, namun akhirnya dia dikutuk menjadi patung batu untuk melengkapi jumlah candi, yang kini dikenal sebagai Candi Sewu di Prambanan.', 'DI Yogyakarta', 'Tira Ikranegara', 'Legenda', NULL, '2024-06-08 03:30:19', '2024-06-08 03:30:19'),
(8, 'Suri Ikun dan Dua Ekor Burung', 'Suri Ikun, anak bungsu dari tujuh bersaudara yang memiliki sifat baik, ketika dia terjebak di gua dengan banyak hantu dia dibantu oleh dua burung yang kemudian membawanya ke sebuah kerajaan kecil tempat dia menjadi seorang raja yang adil.', 'Nusa Tenggara Barat', 'Dian Kristiani', 'Fabel', NULL, '2024-06-08 03:30:19', '2024-06-08 03:30:19'),
(9, 'Batu Golog', 'Kisah asal usul Desa Gembong, Batu, Montong Teker yang konon katanya berasal dari pecahan Batu Golog yang terlempar.', 'Nusa Tenggara Barat', 'Dian Kristiani', 'Legenda', NULL, '2024-06-08 03:30:19', '2024-06-08 03:30:19'),
(10, 'Buaya Perompak', 'Aminah terjebak di gua Buaya Perompak, namun dengan cerdik dia berhasil memanfaatkan kesempatan saat Buaya Perompak tidur untuk melarikan diri dan kembali ke keluarganya.', 'Lampung', 'Dian Kristiani', 'Mitos', NULL, '2024-06-08 03:30:19', '2024-06-08 03:30:19'),
(11, 'Si Pahit Lidah', 'Cerita ini mengisahkan perjalanan Serunting dari kehidupan sombong dan semena-mena menuju pemahaman yang lebih dalam tentang kebaikan dan penggunaan kekuatan dengan bijaksana.', 'Sumatera Selatan', 'Dian Kristiani', 'Mitos', NULL, '2024-06-08 03:32:00', '2024-06-08 03:32:00'),
(12, 'Sari Bulan', 'Datu Panda\'i menikahi Sari Bulan setelah memimpikannya, namun kebahagiaan mereka terganggu ketika Sari Bulan diserang oleh makhluk jahat hingga membuatnya buta.', 'Nusa Tenggara Barat', 'Oyasujiwo', 'Mitos', NULL, '2024-06-10 04:57:31', '2024-06-10 04:57:31'),
(13, 'Telaga Warna', 'Putri yang menolak memakai kalung istimewa pada ulang tahunnya tanpa sengaja menciptakan Telaga Warna, sebuah danau berwarna-warni dari air mata yang dikeluarkannya.', 'Jawa Barat', 'Eem Suhaemi', 'Legenda', NULL, '2024-06-10 05:02:32', '2024-06-10 05:02:32'),
(14, 'Cindelaras', 'Cindelaras, yang tinggal di hutan bersama ibunya, menemukan jati dirinya sebagai putra Raja Raden Putra dari Kerajaan Jenggala melalui ayam jantan ajaib, kemudian bersatu kembali dengan ayah dan ibunya setelah mengungkapkan kebenaran.', 'Jawa Timur', 'Utami, R. Joko S. Rafael Daniel', 'Mitos', '', '2024-06-10 05:02:32', '2024-06-10 05:46:01'),
(15, 'Kebo Iwa', 'Kebo Iwa, pemuda tangguh Bali, berjuang mempertahankan pulau dari invasi Majapahit, menemui akhir tragis demi tujuan mulia.', 'Bali', 'Nita Anggraeni', 'Sage', NULL, '2024-06-10 05:04:24', '2024-06-10 05:04:24'),
(16, 'Terjadinya Selat Bali', 'Manik Angkeran, seorang pemuda yang kecanduan berjudi, akhirnya dihidupkan kembali oleh Naga Besukih setelah tewas akibat keserakahannya, namun dipisahkan dari ayahnya oleh Selat Bali sebagai pelajaran untuk memperbaiki diri.', 'Bali', 'Nita Anggraeni', 'Legenda', NULL, '2024-06-10 05:05:22', '2024-06-10 05:05:22'),
(17, 'Batu Menangis', 'Darmi, yang terlalu terobsesi dengan penampilannya, belajar sebuah pelajaran yang menyedihkan ketika kesombongannya membuatnya berubah menjadi batu.', 'Kalimantan Barat', 'Lilis Hu', 'Legenda', NULL, '2024-06-10 05:07:39', '2024-06-10 05:07:39'),
(18, 'Legenda Gunung Tidar', 'Para dewa memindahkan Gunung Mahameru dari ujung timur ke tengah Pulau Jawa, menyebabkan terbentuknya beberapa gunung baru dan menjadikan Pulau Jawa seimbang.', 'Jawa Tengah', 'Eem Suhaemi', 'Legenda', NULL, '2024-06-10 05:07:39', '2024-06-10 05:07:39'),
(19, 'Timun Mas', 'Dengan bantuan bungkusan ajaib dari seorang pertapa, Timun Mas berhasil melarikan diri dari raksasa yang ingin memakannya, sehingga ia dan Mbok Sarni dapat hidup tenang tanpa gangguan.', 'Jawa Tengah', 'Rahmah Asa', 'Mitos', NULL, '2024-06-10 05:11:43', '2024-06-10 05:11:43'),
(20, 'Bawang Putih dan Bawang Merah', 'Bawang Putih yang baik hati mendapatkan harta dari seorang nenek sebagai balasan atas kebaikannya, sementara saudara tirinya, Bawang Merah, yang serakah dan malas, mendapat hukuman berupa binatang-binatang mengerikan, yang membuat mereka akhirnya menyadari kesalahannya.', 'DI Yogyakarta', 'MB. Rahimsyah AR', 'Mitos', NULL, '2024-06-10 05:11:43', '2024-06-10 05:11:43'),
(21, 'Asal Mula Bukit Catu', 'Seorang petani dan istrinya mengalami keberuntungan melimpah saat panen, tetapi keajaiban sebenarnya terjadi ketika istrinya membuat catu nasi, yang mengubah gundukan tanah menjadi Bukit Catu.', 'Bali', 'Nita Anggraeni', 'Legenda', NULL, '2024-06-10 05:11:43', '2024-06-10 05:11:43'),
(22, 'Ayam dan Ikan Tongkol', 'Kerajaan ayam dan ikan tongkol bersahabat, tetapi kesalahan yang terjadi saat sebuah pesta mengubahnya menjadi permusuhan yang berujung pada penggunaan bulu ayam untuk menangkap ikan tongkol.', 'Kepulauan Riau', 'Nurul Ihsan', 'Fabel', NULL, '2024-06-10 05:11:43', '2024-06-10 05:11:43'),
(23, 'Calon Arang', 'Ketika Kerajaan Kahuripan diserang wabah penyakit yang disebarkan oleh penyihir Calon Arang, Empu Bharada berhasil mengalahkannya dengan bantuan muridnya Bahula dan keris Weling Putih, setelah memaksa Calon Arang mengembalikan kesehatan rakyat dan meninggalkan negeri tersebut.', 'Jawa Timur', 'Pramoedya Ananta Toer', 'Mitos', NULL, '2024-06-10 05:13:56', '2024-06-10 05:13:56'),
(24, 'Murtado Macan Kemayoran', 'Murtado, pemuda berilmu bela diri, menolak menjadi alat Belanda dan memimpin melawan kekejian Warsa untuk melindungi penduduk Kemayoran.', 'DKI Jakarta', 'Nita Anggraeni', 'Sage', NULL, '2024-06-10 05:13:56', '2024-06-10 05:13:56'),
(25, 'Si Pitung', 'Si Pitung, seorang pahlawan rakyat jelata, melawan ketidakadilan tuan tanah dan pemerintah kolonial Belanda meskipun harus berakhir dengan hukuman tembak.', 'DKI Jakarta', 'Garjon', 'Sage', NULL, '2024-06-10 05:16:05', '2024-06-10 05:16:05'),
(26, 'Monyet yang Malas', 'Monyet belajar pentingnya kerja keras dan persediaan makanan dari Tupai saat musim kemarau tiba.', 'DKI Jakarta', 'Nany Johan', 'Fabel', NULL, '2024-06-10 05:16:05', '2024-06-10 05:16:05'),
(27, 'Atu Belah', 'Sebuah keluarga miskin di Tanah Gayo mengalami tragedi ketika ibu mereka tertelan oleh batu bernama Atu Belah setelah kelalaian Sulung menyebabkan belalang-belahng yang menjadi makanan mereka terbang.', 'Nanggroe Aceh Darussalam', 'Azka Press', 'Mitos', NULL, '2024-06-10 05:16:05', '2024-06-10 05:16:05'),
(28, 'Pangeran Amat Mude', 'Pangeran Amat Mude, setelah menghadapi berbagai ujian dan bantuan dari makhluk-makhluk gaib, berhasil mengalahkan paman jahatnya dan menjadi raja yang adil bagi Negeri Alas.', 'Nanggroe Aceh Darussalam', 'Dian Kristiani', 'Legenda', NULL, '2024-06-10 05:29:44', '2024-06-10 11:36:38'),
(29, 'Kisah si Raja Parkit', 'Seorang raja burung parkit memimpin kelompoknya dalam menghadapi pemburu dan akhirnya mengorbankan dirinya untuk menyelamatkan teman-temannya.', 'Nanggroe Aceh Darussalam', 'Ari Wulandari', 'Fabel', NULL, '2024-06-10 05:29:44', '2024-06-10 11:36:48'),
(30, 'Terjadinya Danau Toba', 'Seorang pemuda yang menemukan ikan emas besar yang ternyata adalah jelmaan seorang gadis cantik, mereka menikah dan memiliki anak, dan cerita ini berujung pada terbentuknya Danau Toba.', 'Sumatera Utara', 'Dede Firmansyah', 'Legenda', NULL, '2024-06-10 05:33:46', '2024-06-10 11:36:55'),
(31, 'Putri Ular', 'Sebuah kisah tentang seorang putri cantik yang sering berkata buruk, dan akhirnya berubah menjadi ular karena ucapan sembrono yang diucapkannya.', 'Sumatera Utara', 'Dian Kristiani', 'Mitos', NULL, '2024-06-10 05:33:46', '2024-06-10 11:37:16'),
(32, 'Kisah Dayang Bandir dan Sandean Raja', 'Kisah dua saudara, Dayang Bandir dan Sandean Raja, yang menghadapi intrik paman mereka untuk merebut takhta kerajaan, di mana Sandean Raja akhirnya menemukan keberhasilan dan keadilan di Kerajaan Barat.', 'Sumatera Utara', 'Purnama Sari Andess Pane', 'Sage', NULL, '2024-06-10 05:33:46', '2024-06-10 11:37:25'),
(33, 'Malin Kundang', 'Seorang anak yang pergi merantau dan menjadi kaya, namun lupa akan ibunya yang malang dan akhirnya dikutuk menjadi batu.', 'Sumatera Barat', 'Moch Isnaeni', 'Legenda', NULL, '2024-06-10 05:33:46', '2024-06-10 11:37:33'),
(34, 'Si Lebai yang Malang', 'Seorang guru yang lugu dan bimbang gagal memutuskan antara dua undangan pesta pernikahan dan akhirnya kehilangan kedua hadiah yang dijanjikan.', 'Sumatera Barat', 'Yudhistira Ikranegara', 'Legenda', NULL, '2024-06-10 05:33:46', '2024-06-10 11:37:41'),
(35, 'Siamang Putih', 'Puti Juilan, cucu seorang raja, menemukan cinta dalam mimpi yang menjadi kenyataan, tetapi janji setia mengubahnya menjadi siamang putih ketika cintanya tidak datang kembali.', 'Sumatera Barat', 'Joni Syahputra', 'Mitos', NULL, '2024-06-10 05:33:46', '2024-06-10 11:37:49'),
(36, 'Legenda Ikan Patin', 'Seorang pria menemukan bayi perempuan di sungai dan membesarkannya yang merupakan siluman ikan, namun ketika bayi itu tumbuh dewasa dan mempunyai keluarga, dia kembali menjadi ikan karena tertawa, yang merupakan pantangan baginya.', 'Riau', 'Daryatun', 'Legenda', NULL, '2024-06-10 05:39:05', '2024-06-10 11:37:59'),
(37, 'Burung Tempua dan Burung Puyuh', 'Burung Tempua dan Burung Puyuh bersahabat dan membandingkan sarang mereka, akhirnya menyadari kelebihan masing-masing.', 'Riau', 'Irwan Effendi Daryatun', 'Fabel', NULL, '2024-06-10 05:39:05', '2024-06-10 11:38:05'),
(38, 'Putri Mambang Linau', 'Bujang Enok yang menemukan bidadari berselendang jingga, menikahinya dengan syarat tidak boleh menari, tetapi akhirnya melanggar dan bidadari kembali ke kayangan.', 'Riau', 'Dian Kristiani', 'Mitos', NULL, '2024-06-10 05:39:05', '2024-06-10 14:42:22'),
(39, 'Si Kelingking', 'Cerita ini mengisahkan tentang Kelingking, seorang pemuda pemberani yang berhasil menyelamatkan negerinya dari ancaman Nenek Gergasi, dan kemudian menjadi raja setelah menemukan cara untuk memperbesar tubuhnya.', 'Jambi', 'Dian Kristiani', 'Sage', NULL, '2024-06-10 05:39:05', '2024-06-10 14:42:35'),
(40, 'Ibu Kami Seekor Kucing', 'Mimi dan Mini yang mencari ibu baru karena malu memiliki ibu seekor kucing, namun akhirnya menyadari ibu terbaik adalah ibu mereka yang asli.', 'Jambi', 'Ariska Ulandari', 'Fabel', NULL, '2024-06-10 05:39:05', '2024-06-10 14:42:43'),
(41, 'Legenda Pulau Kemaro', 'Kesalahpahaman tentang mas kawin membawa Tan Boen An dan Siti Fatimah pada akhir tragis di Sungai Musi, meninggalkan gundukan tanah yang dikenal sebagai Pulau Kemaro.', 'Sulawesi Selatan', 'Lilis Hu dan Lia Sidik', 'Legenda', NULL, '2024-06-10 05:39:05', '2024-06-10 14:43:01'),
(42, 'Putri Kemarau', 'Putri Jelitani berkorban dengan menceburkan diri ke laut demi menyelamatkan kerajaan dari musim kemarau yang berkepanjangan, sehingga hujan pun turun dan negeri kembali subur.', 'Sulawesi Selatan', 'Yelly Kusnita', 'Sage', NULL, '2024-06-10 05:39:05', '2024-06-10 14:43:11'),
(43, 'Legenda Ular Berkepala Tujuh', 'Gajah Merik menggunakan ilmu yang diberikan dalam mimpi untuk mengalahkan ular berkepala tujuh dan menyelamatkan kakaknya serta istrinya, kemudian mengajak ular tersebut tinggal di istana sebagai pengawal khusus.', 'Bengkulu', 'Erni Yurnita', 'Sage', NULL, '2024-06-10 05:42:56', '2024-06-10 14:43:18'),
(44, 'Legenda Ular N\'Daung', 'Kisah tentang Putri Bungsu yang berani menghadapi ular N\'Daung untuk menyelamatkan ibunya, hanya untuk menemukan bahwa ular tersebut adalah seorang pangeran yang terkena sihir.', 'Bengkulu', 'Dian Kristiani', 'Legenda', NULL, '2024-06-10 05:42:56', '2024-06-10 14:43:26'),
(45, 'Si Bungsu', 'Tujuh gadis tersesat di hutan dan bertahan di rumah raksasa, dengan Si Bungsu yang menolong burung kenui yang akhirnya menikah dengan anak burung itu yang merupakan siluman burung.', 'Lampung', 'Chrisna Putri', 'Mitos', NULL, '2024-06-10 05:42:56', '2024-06-10 14:43:33'),
(46, 'Sultan Domas', 'Seorang pemuda miskin yang bernama Domas menemukan keberuntungan dan kebijaksanaan melalui mimpi-mimpi yang membawanya menjadi Sultan di sebuah desa yang subur.', 'Lampung', 'Achmad D.', 'Mitos', NULL, '2024-06-10 05:42:56', '2024-06-10 14:43:41'),
(47, 'Bujang Katak', 'Seorang pemuda yang terlahir seperti katak, Bujang Katak, berhasil membangun jembatan emas untuk melamar putri raja setelah diubah penampilannya oleh Tuhan.', 'Kepulauan Bangka Belitung', 'Dian Kristiani', 'Mitos', NULL, '2024-06-10 05:42:56', '2024-06-10 14:43:48'),
(48, 'Si Penyumpit', 'Seorang pemuda ahli menyumpit hewan buruan dan meramu obat-obatan, Si Penyumpit, secara tidak sengaja menyembuhkan jelmaan babi hutan dan mendapatkan hadiah emas dan berlian, sementara kepala desa kikir, Pak Raje, gagal meniru keberuntungannya.', 'Kepulauan Bangka Belitung', 'Lilis Hu', 'Mitos', NULL, '2024-06-10 05:42:56', '2024-06-10 14:43:55'),
(49, 'Legenda Pulau Sanua', 'Kisah tentang Baitusen dan Mai Lamah menggambarkan bagaimana kekayaan dan kesombongan dapat membawa malapetaka, serta mengajarkan pentingnya kesederhanaan dan penghormatan terhadap sesama.', 'Kepulauan Riau', 'Dian Kristiani', 'Legenda', NULL, '2024-06-10 05:42:56', '2024-06-10 14:44:02'),
(50, 'Putri Pandan Berduri', 'Kisah Putri Pandan Berduri, Jenang Perkasa, dan ketiga putra mereka, yang menjadi cikal bakal pemimpin suku di Pulau Bintan.', 'Kepulauan Riau', 'Ulul Azmi', 'Legenda', NULL, '2024-06-10 05:42:56', '2024-06-10 14:44:08');

-- --------------------------------------------------------

--
-- Table structure for table `story_details`
--

CREATE TABLE `story_details` (
  `id` bigint(20) NOT NULL,
  `story` longtext DEFAULT NULL,
  `thumbnail` varchar(255) DEFAULT NULL,
  `created_at` timestamp NOT NULL DEFAULT current_timestamp(),
  `updated_at` timestamp NOT NULL DEFAULT current_timestamp() ON UPDATE current_timestamp()
) ENGINE=InnoDB DEFAULT CHARSET=utf8mb4 COLLATE=utf8mb4_general_ci;

--
-- Dumping data for table `story_details`
--

INSERT INTO `story_details` (`id`, `story`, `thumbnail`, `created_at`, `updated_at`) VALUES
(1, 'Pada zaman dahulu, di Desa Sepang, Kalimantan Tengah, hiduplah seorang janda bernama Emas.Dia memiliki seorang putri yang cantik jelita, namanya Tumbai. Kecantikan Tumbai terkenal sampai ke luar desa.Apalagi, Tumbai juga gadis yang ramah dan baik hatinya. Karena itu, banyak pemuda yang ingin melamarnya. Namun aneh,Tumbai selalu menolak lamaran tiap pemuda. Hal ini membuat Emas, ibunya, merasa heran. Tumbai anakku, bukankah mereka pemuda yang baik? Kenapa kau menolak mereka? Pasti ada satu di antara mereka yang pantas untuk menjadi suamimu, kan?', 'Legenda-Sumber-Garam-Sepang-1.png', '2024-06-07 04:31:00', '2024-06-10 07:22:38'),
(2, 'Tumbai menggeleng. Aku tidak mau sembarangan, Bu. Aku berdoa pada Tuhan, agar mengirimkan suami yang mampu memajukan desa kita ini, sahut Tumbai. Ibu Tumbai semakin tak mengerti. Apa maksudmu? Tumbai menjelaskan, bahwa ia hanya mau menikah dengan pria yang dapat mengubah sumber air tawar Sepang menjadi air asin. Tapi itu tak mungkin! teriak ibunya. Dengan pertolongan Tuhan, semuanya mungkin, Bu, Tumbai tetap bersikukuh. Hari demi hari berganti, tak ada pemuda yang sanggup memenuhi syarat dari Tumbai. Sampai akhirnya pada suatu hari, ada pemuda asing yang datang ke desa Sepang. Pemuda itu berasal dari daerah aliran Sungai Barito, dan ia adalah pemuda yang sakti. Bolehkah aku melamar anak Ibu? tanyanya pada ibu Tumbai. Ibu Tumbai lalu menjelaskan syarat yang diminta oleh Tumbai.', 'Legenda-Sumber-Garam-Sepang-2.png', '2024-06-07 04:31:00', '2024-06-10 07:23:08'),
(3, 'Pemuda itu tercenung sejenak. Lalu, dia memejamkan mata dan meminta bantuan pada para leluhurnya. Dia juga tak henti-hentinya berdoa pada Yang Kuasa. Sampai akhirnya, keajaiban pun terjadi. Sumber air Sepang yang tadinya berasa tawar itu akhirnya berubah menjadi asin. Tumbai amat senang melihat keberhasilan pemuda itu. Ibunya pun tak kalah senang. Pemuda itu akhirnya menikahi Tumbai. Mereka lalu berusaha mengolah sumber air asin itu menjadi garam. Ternyata usaha mereka berhasil, dan mereka mendapatkan banyak uang. Mereka lalu mengajak penduduk desa lainnya untuk mengolah sumber air asin itu bersama-sama. Sekarang, desa mereka jauh lebih makmur daripada sebelumnya. Keinginan Tumbai untuk memajukan desanya pun tercapai.', 'Legenda-Sumber-Garam-Sepang-3.png', '2024-06-07 04:31:00', '2024-06-10 07:26:07'),
(4, 'Dayang Sumbi adalah seorang putri yang mengasingkan diri di hutan. Di sana, dia hanya ditemani oleh anjing jantannya yang bernama Tumang. Untuk memenuhi kebutuhan sehari-hari, Dayang Sumbi menenun kain yang kemudian dijualnya ke pasar. Suatu hari, alat tenunnya terjatuh dan menggelinding ke bawah bukit. Karena panik, Dayang Sumbi mengucap sumpah, Siapa yang bisa mengambilkan alat tenunku, jika perempuan akan kujadikan saudaraku, dan jika lelaki akan kujadikan suamiku. Tak diduga, Tumang berlari kencang menuruni bukit dan mengambil alat tenun Dayang Sumbi.', 'Sangkuriang-1.png', '2024-06-08 01:58:14', '2024-06-10 08:42:10'),
(5, 'Dayang Sumbi akhirnya menikah dengan Tumang. Aku adalah jelmaan manusia. Tiap malam, aku berubah menjadi manusia. Namun, jangan sampai ada yang mengetahui rahasiaku ini, termasuk anak kita nanti, kata Tumang di hari pernikahan mereka. Mereka lalu dikaruniai anak yang bernama Sangkuriang. Suatu hari, Sangkuriang kecil marah pada Tumang. Dia mengusir Tumang karena Tumang telah gagal membantunya menangkap rusa. Sangkuriang lalu bercerita pada ibunya, Tumang sudah tua. Dia tak berguna lagi. Aku sudah mengusirnya. Dayang Sumbi yang sedang mengaduk nasi, terkejut. Dia melemparkan sendoknya begitu saja dan berlari ke halaman. Sendoknya mengenai kepala Sangkuriang yang langsung terluka. Sangkuriang pun marah. Dia mengira ibunya sengaja memukulnya. Dia lalu pergi meninggalkan rumah, padahal ibunya sudah mencegahnya.', 'Sangkuriang-2.png', '2024-06-08 01:58:14', '2024-06-10 08:42:30'),
(6, 'Tak terasa, Sangkuriang sudah dewasa. Dia telah menjelajah banyak desa. Suatu hari, tanpa sadar dia telah kembali ke hutan tempat dia dulu tinggal bersama Dayang Sumbi. Hutan itu sudah berubah menjadi perkampungan penduduk. Di sana, Sangkuriang bertemu dengan Dayang Sumbi dan jatuh cinta. Demikian juga dengan Dayang Sumbi, dia tak tahu bahwa itu Sangkuriang. Mereka memutuskan untuk menikah. Untunglah, saat Sangkuriang melepas tutup kepalanya, Dayang Sumbi melihat ada bekas luka di kepala Sangkuriang. Saat mendengar cerita Sangkuriang tentang asal luka itu, sadarlah Dayang Sumbi bahwa pemuda yang hendak dinikahinya adalah Sangkuriang. Dayang Sumbi langsung membatalkan pernikahan mereka dan menjelaskan bahwa dia adalah ibu Sangkuriang. Namun Sangkuriang tak percaya, apalagi Dayang Sumbi terlihat masih muda. Sangkuriang tetap ingin menikahi Dayang Sumbi.', 'Sangkuriang-3.png', '2024-06-08 01:58:14', '2024-06-10 08:42:46'),
(7, 'Dayang Sumbi mencari akal. Dia meminta Sangkuriang untuk membendung Sungai Citarum. Selain itu, Sangkuriang juga harus membuat perahu besar untuk menyeberangi sungai itu. Keduanya harus selesai sebelum fajar menyingsing.  Ternyata Sangkuriang menyanggupi kedua syarat tersebut. Sebelum pekerjaannya selesai, Dayang Sumbi mengajak penduduk untuk menggelar kain sutra merah di sebelah timur Sungai Citarum. Sebagian penduduk membuat suara gaduh seolah-olah kegiatan pagi telah dilakukan. Sangkuriang mengira, pagi telah tiba. Dia marah dan kecewa. Dengan segala kekuatan yang dimilikinya, dia menjebol bendungan yang sudah dibuatnya. Air pun meluber ke mana- mana. Dia juga menendang perahu besar yang terbuat dari kayu, sampai terlempar jauh ke utara dan jatuh tertelungkup. Konon, perahu yang jatuh tertelungkup itulah yang kemudian menjadi Gunung Tangkuban Perahu. Tangkuban Perahu sendiri berarti perahu yang menelungkup.', 'Sangkuriang-4.png', '2024-06-10 08:16:11', '2024-06-10 08:42:57'),
(8, 'Dulu, ada seorang lelaki tua yang amat kaya. Sayangnya, dia kikir. Walau hampir menguasai seluruh sawah dan ladang di seantero desa, dia tetap saja kikir. Tak heran jika orang- orang memanggilnya Pak Kikir. Berbeda dengan ayahnya, putra Pak Kikir adalah pemuda yang baik. Dia suka menolong orang-orang yang membutuhkan bantuan. Suatu hari, di desa itu akan diadakan pesta menyambut panen raya. Konon, jika ingin mendapatkan hasil panen yang melimpah, maka pemilik sawah dan ladang harus mengadakan pesta dan mengundang orang- orang untuk diberi makan.', 'kota-cianjur-1.png', '2024-06-10 08:19:51', '2024-06-10 08:46:57'),
(9, 'Mau tak mau, Pak Kikir harus melakukannya. Dia mengundang seluruh penduduk desa untuk datang ke pestanya. Namun, karena dia kikir, dia hanya menyediakan sedikit makanan. Tentu saja tamu-tamu yang datang mengomel. Bukankah membagi makanan itu sama dengan sedekah? Jika bersedekah saja pelit, bagaimana mau meminta hasil panen yang baik? gerutu salah seorang penduduk. Iya ya, untuk apa punya harta sebanyak itu jika tidak mau berbagi? omel penduduk yang lain. Permisi, Tuan. Bolehkah aku meminta sedikit makanan? Aku lapar sekali, tiba-tiba ada seorang nenek tua berpakaian kumal meminta makanan. Nenek tua itu bukan penduduk desa. Semua orang tak ada yang mengenalnya.', 'kota-cianjur-2.png', '2024-06-10 08:19:51', '2024-06-10 08:47:08'),
(10, 'Pak Kikir memicingkan matanya, Minta makan? Enak saja! Sana! Minta saja ke tempat lain. Makanan di tempat ini sudah pas jumlahnya. Nenek tua itu terkejut mendengar perkataan Pak Kikir. Air matanya menetes perlahan. Hanya sepiring nasi, Tuan, ratapnya. TIDAK! seru Pak Kikir tegas dan membalikkan badan untuk masuk ke dalam rumah. Saat ayahnya sudah masuk ke rumah, putra Pak Kikir memberi sepiring nasi pada nenek tua itu. Makanlah bagianku, Nek, ujarnya sopan. Nenek tua itu mengucapkan terima kasih berulang-ulang. Kelak, kau akan jadi seorang pemimpin yang bijaksana, ucapnya.', 'kota-cianjur-3.png', '2024-06-10 08:19:51', '2024-06-10 08:52:58'),
(11, 'Suatu pagi, hujan turun dengan deras. Air seperti ditumpahkan dari langit. Sungai-sungai meluap dan airnya mengalir deras ke desa Pak Kikir. Banjir, banjir! teriak penduduk desa saat melihat air yang semakin meninggi. Anak Pak Kikir segera memberi tahu ayahnya untuk mengungsi ke atas bukit. Tidak! Aku tak mau mengungsi. Ini hanya banjir biasa. Kalau aku meninggalkan rumah, bagaimana dengan hartaku? Bisa- bisa dicuri orang! teriak Pak Kikir.', 'kota-cianjur-4.png', '2024-06-10 08:19:51', '2024-06-10 08:55:18'),
(12, 'Anak Pak Kikir tak berhasil membujuk ayahnya. Dia pun terpaksa meninggalkan ayahnya sendiri di rumah. Dia mengikuti penduduk desa yang lari ke atas bukit. Saat tiba di atas bukit, para penduduk desa melihat air bah yang tiba-tiba datang. Desa mereka tersapu bersih dalam sekejap.  Anak Pak Kikir menangis, meratapi keputusan ayahnya yang tak mau menyelamatkan diri. Apa gunanya harta jika akhirnya begini? Melihat desa yang sudah hancur berantakan, penduduk desa memutuskan untuk mencari daerah baru. Mereka lalu mengangkat anak Pak Kikir sebagai pemimpin mereka. Seperti kata nenek tua dulu, anak Pak Kikir menjadi pemimpin yang bijaksana. Dia mengajari penduduk untuk menanam padinya sendiri dan bagaimana mengairi sawah dengan baik. Dia juga membagi tanah dengan rata. Semua penduduk mendapat bagian sawahnya masing-masing. Desa baru tersebut dinamai Desa Anjuran, karena para penduduknya selalu mematuhi anjuran pemimpinnya. Lama- kelamaan, desa itu berubah nama menjadi Cianjur, yang berarti daerah yang cukup mengandung air. Saat ini, Cianjur terkenal sebagai daerah penghasil beras yang empuk dan wangi.', 'kota-cianjur-5.png', '2024-06-10 08:19:51', '2024-06-10 08:55:28'),
(13, 'Suatu hari, di sebuah kerajaan di Jawa Barat, Prabu Tapa Agung menyerahkan takhta pada putri bungsunya, Purbasari. Purbararang, putri sulungnya, terkejut dan kecewa pada ayahnya. Dia bahkan enggan datang saat adiknya diangkat menjadi Ratu. Purbasari memerintah kerajaan dengan bijaksana. Keadaan berjalan dengan baik, hingga suatu saat Purbasari terkena penyakit aneh. Toloong... toloong... ada apa denganku? teriaknya di suatu pagi. Kulit tubuh Purbasari berbintik- bintik hitam, sebagian di antaranya mengeluarkan darah. Prabu Tapa Agung terkejut melihat keadaan putrinya itu. Demikian juga Purbararang.', 'lutung-kasarung-1.png', '2024-06-10 08:56:41', '2024-06-10 09:00:13'),
(14, 'Ayah, jangan-jangan ini wabah penyakit menular? Ayah harus cepat-cepat mengasingkannya, kata Purbararang pada ayahnya. Ayah, jangan asingkan aku. Izinkan aku tetap tinggal di sini, ratap Purbasari. Prabu Tapa Agung mulai bimbang. Beliau tak tega pada Purbasari, tetapi juga khawatir jika penyakit itu benar- benar menular. Akhirnya, beliau meminta Purbasari untuk mengasingkan diri di hutan sampai penyakitnya sembuh.', 'lutung-kasarung-2.png\r\n', '2024-06-10 09:01:48', '2024-06-10 09:01:48'),
(15, 'Di hutan, Purbasari tinggal di sebuah rumah yang dibangun oleh paman patih untuknya. Purbasari amat kesepian. Untung saja, ada seekor kera hitam yang sering datang menemaninya. Kera itu bernama Lutung Kasarung. Lutung Kasarung adalah kera yang sakti. Karenanya, dia bisa membantu Purbasari untuk menyembuhkan penyakitnya. Dia mengajak Purbasari ke sebuah danau yang jernih dan meminta Purbasari untuk membasuh kulitnya di sana. Ternyata air danau itu ajaib! Purbasari sembuh. Wajah dan kulitnya kembali bersih. Tak ada lagi bintik hitam yang tersisa.', 'lutung-kasarung-3.png', '2024-06-10 09:01:48', '2024-06-10 09:01:48'),
(16, 'Beberapa hari kemudian, Purbararang datang ke hutan ditemani oleh Indrajaya, calon suaminya. Alangkah terkejutnya dia ketika melihat Purbasari kembali cantik. Aku sudah sembuh, Kak. Kakak kesini untuk menjemput ku bukan? tanya Purbasari riang. Tentu saja Purbararang mengelak. Aku sudah jadi Ratu. Jika kau ingin kembali ke istana, kau harus mengalahkanku, kata Purbararang. Purbararang lalu mengurai rambutnya. Jika rambutmu lebih panjang daripada rambutku, kau boleh kembali ke istana, tantangnya. Ternyata, rambut Purbasari lebih panjang.', 'lutung-kasarung-4.png', '2024-06-10 09:01:48', '2024-06-10 09:01:48'),
(17, 'Purbararang tak mau menyerah.Jika kau punya calon suami yang lebih tampan daripada Indrajaya, kau menang! Purbararang yakin bahwa kali ini dia akan menang. Di dalam hutan seperti ini, siapa yang bisa menjadi calon suami Purbasari? Purbasari hampir menyerah. Namun, Lutung Kasarung menarik-narik bajunya dan meloncat-loncat. Sepertinya dia hendak mengatakan, Akuilah aku sebagai calon suamimu. Meski bingung, Purbasari menurut. Dia berkata pada Purbararang bahwa Lutung Kasarung adalah calon suaminya.', 'lutung-kasarung-5.png', '2024-06-10 09:02:55', '2024-06-10 09:02:55'),
(18, 'Tentu saja Purbararang menertawakannya. Namun belum habis tawa Purbararang, muncul sinar putih di sekitar tubuh Lutung Kasarung. Sinar putih itu lama- lama pudar seiring dengan hilangnya sosok Lutung Kasarung. Berdirilah sesosok pemuda yang jauh lebih tampan daripada Indrajaya. Ternyata, Lutung Kasarung adalah seorang pangeran yang terkena kutukan jahat dari pamannya. Kutukan itu hanya bisa hilang, jika ada seorang gadis yang mau mengakuinya sebagai calon suaminya. Purbararang kalah telak. Akhirnya, Purbasari kembali ke istana dan menikah dengan Lutung Kasarung.', 'lutung-kasarung-6.png', '2024-06-10 09:02:55', '2024-06-10 09:02:55'),
(19, 'Dahulu kala, hiduplah kakak beradik yang bernama Dewi Galuh dan Candra Kirana. Dewi Galuh adalah seorang gadis yang pendengki. Dia tak suka saat Pangeran Inu Kertapati hendak menikahi adiknya. Dia ingin Pangeran menikah dengannya. Karena itu, dia menemui nenek sihir untuk membatalkan pernikahan itu. Jangan khawatir. Besok, adikmu akan menghilang. Setelah itu, kau bisa menikahi Pangeran Inu Kertapati, janji nenek sihir itu kepadanya.', 'keong-mas-1.png', '2024-06-10 09:05:35', '2024-06-10 09:05:35'),
(20, 'Nenek sihir membuktikan janjinya. Dia menyihir Candra Kirana menjadi seekor keong mas, dan melemparnya ke tengah lautan. Kau bisa kembali ke wujud semula, jika Pangeran Inu Kertapati menemukanmu. Tapi, hal itu tak mungkin terjadi! Sejak saat itu, Keong Mas alias Candra Kirana hidup terombang-ambing di lautan. Namun, Tuhan sayang padanya. Seorang nenek nelayan menemukannya dan membawanya pulang. Nenek itu menyimpan Keong Mas dalam tempayan. Kemudian, dia tertidur pulas karena lelah seharian melaut. Saat dia bangun, dia melihat meja dapurnya telah penuh dengan hidangan lezat. Meski heran, nenek itu tetap saja memakannya karena lapar.', 'keong-mas-2.png', '2024-06-10 09:05:35', '2024-06-10 09:05:35'),
(21, 'Nenek itu bertekad untuk menyelidiki, siapa yang menyediakan makanan untuknya. Ternyata, yang menyediakan adalah Keong Mas. Keong itu keluar dari tempayan dan menjelma kembali menjadi Candra Kirana. Candra Kirana lalu menceritakan semua kisahnya. Nenek itu pun merasa iba. Kau boleh tinggal di sini. Yakinlah, suatu saat Pangeran Inu Kertapati akan menemukanmu. Nenek benar. Selama ini, Pangeran Inu Kertapati tak henti-hentinya mencari Candra Kirana. Namun, seekor burung gagak yang dikirim  oleh nenek sihir, selalu menyesatkan Pangeran. Burung gagak itu selalu menunjukkan arah yang salah.', 'keong-mas-3.png', '2024-06-10 09:05:35', '2024-06-10 09:05:35'),
(22, 'Untunglah, ada seorang kakek sakti yang menolong Pangeran. Kakek itu mengetahui niat si burung gagak untuk menyesatkan Pangeran. Dalam sekejap, diubahnya si burung gagak menjadi asap. Jika kau mencari Candra Kirana, dia ada di sebuah rumah di Desa Dadapan, kata kakek itu pada Pangeran. Mendengar hal itu, Pangeran Inu Kertapati tak membuang waktu. Dia segera menuju desa itu. Ternyata, kakek sakti itu benar. Pangeran Inu Kertapati menemukan rumah si nenek di Desa Dadapan. Nenek itu lalu menunjukkan Keong Mas yang ada di tempayannya. Itu Candra Kirana? tanya Pangeran bingung. Saat itulah, kutukan dari si nenek sihir lenyap. Keong Mas berubah wujud menjadi Candra Kirana.', 'keong-mas-4.png', '2024-06-10 09:05:35', '2024-06-10 09:05:35'),
(23, 'Pangeran Inu Kertapati lalu mengajak Candra Kirana pulang. Di sana, mereka disambut gembira oleh seluruh rakyat. Dewi Galuh pun malu. Dia memeluk Candra Kirana dan meminta maaf. Dia mengakui bahwa dialah yang meminta nenek sihir untuk melakukan semuanya. Candra Kirana memaafkan kakaknya. Berkat kegigihan Pangeran Inu Kertapati, kini Candra Kirana kembali seperti semula. Mereka berdua lalu menikah dan hidup berbahagia.', 'keong-mas-5.png', '2024-06-10 09:05:35', '2024-06-10 09:05:35'),
(24, 'Raja Brawijaya dari Majapahit mengadakan sayembara untuk semua pemuda. Barang siapa yang bisa merentang busur sakti Kyai Garadoksa dan mengangkat gong Kyai Sekardelima, dia akan dijadikan penerus takhta Majapahit dan menikah dengan putrinya yang bernama Dyah Ayu Pusparani. Ternyata, tak ada yang mampu memenangkan sayembara itu. Namun, menjelang berakhirnya pertandingan, muncullah seorang pemuda berkepala lembu. Namanya Lembu Sura. Dia sanggup menyelesaikan sayembara.', 'kisah-lembu-1.png', '2024-06-10 09:17:26', '2024-06-10 09:17:26'),
(25, 'Putri Pusparani terpekik. Dia tak mau menikah dengan pemuda berkepala lembu. Dia mencari akal untuk membatalkan pernikahannya. Kau sungguh hebat. Tapi, bolehkah aku meminta mas kawin berupa sumur di puncak Gunung Kelud? Air dari sumur itu akan kita pergunakan untuk kehidupan kita kelak setelah menikah, pinta Putri Pusparani. Dalam hatinya, dia membatin, Lembu Sura tak mungkin mampu melakukannya. Gunung Kelud adalah gunung berapi. Tak mungkin ada mata air di dalamnya.', 'kisah-lembu-2.png', '2024-06-10 09:17:26', '2024-06-10 09:17:26'),
(26, 'Di luar dugaan, Lembu Sura menyanggupi permintaan itu. Baginya, itu bukanlah hal yang sulit. Dia segera menuju ke puncak Gunung Kelud dan mulai menggali. Putri dan Raden Brawijaya pun ikut untuk menyaksikan. Saat galiannya mulai dalam, air pun muncul. Putri Pusparani jadi cemas. Raja Brawijaya mengetahui kecemasan putrinya itu. Sebenarnya, Raja Brawijaya juga tak mau jika putrinya menikah dengan manusia berkepala lembu. Raden Brawijaya mencari akal. Akhirnya, dia memerintahkan para prajurit untuk menimbun galian itu dengan batu dan tanah. Mata air yang tadinya muncul, kembali tertutup. Tak ada air yang mengalir.', 'kisah-lembu-3.png', '2024-06-10 09:17:26', '2024-06-10 09:17:26'),
(27, 'Lembu Sura amat marah. Sekarang dia mengerti bahwa Putri Pusparani memang tak mau menikah dengannya. Dengan kesaktiannya, dia mengeluarkan sumpah. Setiap dua windu sekali, aku akan datang dan merusak kehidupanmu! lalu Lembu Sura pun menghilang. Raja Brawijaya dan Putri Pusparani tak bisa berkata apa-apa. Hingga sekarang, rakyat percaya jika Gunung Kelud meletus, tandanya Lembu Sura sedang membalaskan dendamnya.', 'kisah-lembu-4.png', '2024-06-10 09:17:26', '2024-06-10 09:17:26'),
(28, 'Roro Jonggrang gundah. Ayahnya, Raja Prambanan, baru saja gugur saat berperang melawan Bandung Bondowoso dari Kerajaan Pengging. Sekarang, Bandung Bondowoso menguasai Kerajaan Prambanan. Dia bahkan hendak menjadikan Roro Jonggrang sebagai permaisurinya. Tentu saja Roro Jonggrang menolak. Rupanya, penolakan Roro Jonggrang membuat Bandung Bondowoso marah. Dia lalu mengurung Roro Jonggrang dalam istana, bersama Bi Sumi dan dayang-dayang lain.', 'roro-jongrang-1.png', '2024-06-10 09:20:16', '2024-06-10 09:20:16'),
(29, 'Tiap hari, Bandung Bondowoso terus mendesak Roro Jonggrang untuk menikah dengannya. Lama kelamaan, Roro Jonggrang bosan mendengarnya. Akhirnya, Roro Jonggrang punya akal. Aku bersedia menjadi permaisurimu, tapi ada syaratnya. Jika kau berhasil memenuhinya, maka aku akan menikah denganmu. Tapi jika kau gagal, izinkanlah aku pergi dari sini. Bandung Bondowoso menjawab dengan angkuh. Apa pun yang kau minta, pasti akan kuberikan. Jika sampai aku gagal, kau tak usah pergi dari sini. Aku akan mengembalikan kerajaan ini padamu.', 'roro-jongrang-2.png', '2024-06-10 09:20:16', '2024-06-10 09:20:16'),
(30, 'Tiap hari, Bandung Bondowoso terus mendesak Roro Jonggrang untuk menikah dengannya. Lama kelamaan, Roro Jonggrang bosan mendengarnya. Akhirnya, Roro Jonggrang punya akal. Aku bersedia menjadi permaisurimu, tapi ada syaratnya. Jika kau berhasil memenuhinya, maka aku akan menikah denganmu. Tapi jika kau gagal, izinkanlah aku pergi dari sini. Bandung Bondowoso menjawab dengan angkuh. Apa pun yang kau minta, pasti akan kuberikan. Jika sampai aku gagal, kau tak usah pergi dari sini. Aku akan mengembalikan kerajaan ini padamu.\r\n', 'roro-jongrang-3.png', '2024-06-10 09:20:16', '2024-06-10 09:20:16'),
(31, 'Bandung Bondowoso lalu meminta tolong pada pasukan jin. Tentu saja seribu candi dalam semalam bukan hal yang sulit bagi mereka. Dalam waktu singkat, bangunan candi mulai tampak. Roro Jonggrang yang mengintip dari kamarnya mulai gelisah. Bi, kita harus melakukan sesuatu! Lihatlah, candinya hampir siap, kata Roro Jonggrang panik. Bi Sumi pun ikut panik saat mengintip. Hamba punya akal. Ayo, ikuti hamba, seru Bi Sumi tiba-tiba. Mereka berdua lalu menyelinap ke luar kamar dan menuju ke kamar dayang-dayang lain yang letaknya tak jauh dari kamar mereka. Bi Sumi memerintahkan para dayang dan pengawal istana yang setia untuk mengumpulkan jerami. Untuk apa, Bi? bisik Roro Jonggrang. Bi Sumi menempelkan telunjuknya di bibir. Kita akan membakar jerami ini, sehingga langit terkesan merah, pertanda matahari sudah terbit.', 'roro-jongrang-4.png', '2024-06-10 09:20:16', '2024-06-10 09:20:16'),
(32, '\"Setelah jeraminya terkumpul cukup banyak, Bi Sumi membakarnya. Dia juga memerintahkan para dayang untuk menumbuk lesung. Suara lesung yang bertalu-talu, ditambah semburat api yang memerah di langit, membuat suasananya mirip pagi hari. Ayam jantan pun tertipu dan berkokok keras-keras. Kukuruyukk... kukuruyukkk... Mendengar kokok ayam jantan, Bandung Bondowoso dan pasukan jin terkejut. Mereka melihat ke langit. Wah, ternyata hari sudah pagi. Kami harus pergi! teriak para jin sambil meninggalkan tempat itu. Bandung Bondowoso memandang candi-candi di hadapannya. Dia yakin, jumlahnya sudah seribu buah. Roro Jonggrang tak akan bisa mengelak, Bandung Bondowoso mencari Roro Jonggrang.', 'roro-jongrang-5.png', '2024-06-10 09:20:16', '2024-06-10 09:20:16'),
(33, 'Roro Jonggrang menghitung candi-candi yang sudah selesai. 997, 998, 999, dan... jumlahnya kurang satu! pekik Roro Jonggrang Bandung Bondowoso tak percaya. Dia lalu menghitung sendiri jumlah candinya. Ternyata memang benar, hanya 999 buah. Bandung Bondowoso amat kecewa dan marah. Aku tak pernah kalah! Apa pun yang kuinginkan, pasti kudapatkan. Jika aku mau seribu candi, maka aku akan mendapatkannya. Tapi, jumlahnya memang kurang satu. Kau harus menepati janjimu, Roro Jonggrang ketakutan melihat amarah Bandung Bondowoso. Bandung Bondowoso menyeringai. Jika begitu, kau saja yang melengkapi jumlah candi ini. Jadilah kau candi keseribu! Dengan kesaktiannya, Bandung Bondowoso berhasil mengubah Roro Jonggrang menjadi patung batu. Patung itulah yang melengkapi jumlah candi menjadi seribu buah. Sampai sekarang, candi-candi tersebut masih berdiri dengan megah di wilayah Prambanan, dan disebut dengan Candi Sewu.', 'roro-jongrang-6.png', '2024-06-10 09:20:16', '2024-06-10 09:20:16'),
(34, 'Suri Ikun adalah anak bungsu dari tujuh bersaudara. Suatu malam, bersama enam orang kakaknya, dia menjaga kebun ayahnya dari serangan babi hutan. Sebenarnya, kakak-kakaknya tak suka dengan tugas itu. Mereka adalah anak-anak pemalas. Namun, karena tak mau membantah ayahnya, mereka berangkat juga. Kau saja yang menjaga kebun. Aku tak mau, kata Kakak Pertama pada Suri Ikun. Iya, tapi awas ya, jangan bilang pada Ayah, timpal Kakak Kedua. Suri Ikun tak keberatan. Dia rela dan ikhlas membantu ayahnya. Malam itu, Suri Ikun mulai berjaga. Meski mengantuk, dia berusaha keras untuk tetap terjaga. Akhirnya yang ditunggu-tunggu datang juga. Seekor babi hutan yang gemuk datang. Dengan sigap, Suri Ikun mengambil anak panahnya dan membidik babi hutan itu. Bidikannya tepat mengenai sasaran. Babi hutan itu pun mati.', 'suri-ikun-1.png', '2024-06-10 09:22:32', '2024-06-10 09:22:32'),
(35, 'Wah, kau hebat sekali, Suri Ikun! kata ayahnya ketika Suri Ikun melaporkan keberhasilannya. Mendengar pujian ayahnya, keenam kakak Suri Ikun pun jadi iri. Mereka semakin tak suka pada adik bungsunya itu. Suatu hari, mereka bertujuh berjalan-jalan di hutan. Di sana, mereka asyik makan buah-buahan yang jatuh dari pohonnya. Sementara itu, Suri Ikun asyik mengejar-ngejar hewan buruan. Dia terus berlari, hingga tak sadar kakak-kakaknya meninggalkannya. Hari semakin sore dan gelap. Suri Ikun bermaksud untuk pulang. Saat itulah dia sadar bahwa dia sendirian. Kakak... kakak... di mana kalian? teriaknya. Namun, tak ada jawaban.', 'suri-ikun-2.png', '2024-06-10 09:22:32', '2024-06-10 09:22:32'),
(36, 'Tiba-tiba, terdengar suara tawa yang mengerikan. Suri Ikun menoleh. Ternyata, suara itu berasal dari hantu-hantu yang bertengger di atas pohon. Ayo teman-teman, kita tangkap anak muda ini! kata salah satu hantu. Tapi dia terlalu kurus, jawab hantu yang lain. Jika begitu, kita kurung saja dulu dia dalam gua. Kita beri makanan yang banyak supaya dia cepat gemuk, kata hantu yang lain lagi. Tanpa kesulitan, hantu-hantu itu menangkap Suri Ikun.', 'suri-ikun-3.png', '2024-06-10 09:22:32', '2024-06-10 09:22:32'),
(37, 'Sekarang, Suri Ikun dikurung di dalam gua yang gelap. Hanya ada sedikit celah untuk mengintip, tetapi Suri Ikun tak mungkin melarikan diri. Hantu-hantu itu bergantian menjaganya. Suatu siang, ada dua ekor burung yang masuk melalui celah di gua itu. Rupanya, sayap keduanya patah. Mereka tak dapat terbang jauh. Suri Ikun pun merawat kedua burung tadi. Tak lupa, dia juga menyembunyikan mereka jika hantu-hantu itu datang untuk memberinya makan. Berkat Suri Ikun, kedua burung itu sembuh. Anak Muda, kami tahu bahwa kau ingin sekali lolos dari gua ini. Percayalah, kami akan membantumu, kata mereka sebelum berpamitan. Setelah itu, mereka terbang ke luar gua. Tak lama kemudian, terdengar suara gaduh. Rupanya kedua burung tadi datang mengajak teman-temannya. Mereka menyerang para hantu yang mengurung Suri Ikun. Hantu-hantu itu dipatuk dan dicakar sehingga tak bisa bergerak.', 'suri-ikun-4.png', '2024-06-10 09:22:32', '2024-06-10 09:22:32'),
(38, 'Suri Ikun akhirnya bebas. Burung-burung itu bahu-membahu menyingkirkan batu besar yang menutup gua. Sekarang, kau sudah bebas. Kami akan mengajakmu ke suatu tempat yang bisa kau tinggali selamanya, kata kedua ekor burung kecil. Suri Ikun kemudian diajak terbang dengan menaiki salah satu burung yang besar. Mereka melewati hutan, gunung, dan bahkan menyeberang lautan. Ternyata, Suri Ikun dibawa ke sebuah kerajaan. Sebuah istana mungil yang cantik telah disediakan untuk tempat tinggalnya. Suri Ikun lalu memimpin kerajaan kecilnya dengan adil dengan bijaksana. Sampai akhir hayatnya, Suri Ikun dikenal sebagai raja yang baik hati.', 'suri-ikun-5.png', '2024-06-10 09:22:32', '2024-06-10 09:22:32'),
(39, 'Di daerah Padamara, Nusa Tenggara Barat, ada sepasang suami istri yang amat miskin. Nama mereka adalah Amaq Lembain dan Inaq Lembain. Mereka memiliki dua orang anak. Untuk mencukupi kebutuhan sehari-hari, mereka berjalan berdua mengelilingi desa, menawarkan tenaga pada orang yang membutuhkan bantuan. Suatu hari, seperti biasa Amaq Lembain dan Inaq Lembain pergi berkeliling. Kedua anaknya pun diajak ikut serta. Setelah seharian berkeliling, akhirnya Amaq Lembain mendapat pekerjaan. Seseorang memintanya untuk membantu mendirikan tembok rumah. Sekarang, tinggallah Inaq Lembain yang masih harus mencari pekerjaan. Sambil menggandeng kedua anaknya, dia mendatangi setiap rumah.', 'batu-golok-1.png', '2024-06-10 09:24:41', '2024-06-10 09:24:41'),
(40, 'Syukurlah, tak lama kemudian Inaq Lembain mendapat pekerjaan sebagai penumbuk padi. Nanti, dia akan mendapat upah berupa sekantong beras. Inaq Lembain bekerja dengan penuh semangat. Sekantong beras amat berharga baginya. Sebelum mulai bekerja, Inaq Lembain berkata pada kedua anaknya. Duduklah dengan tenang. Ibu hendak bekerja dulu. Kalian jangan ke mana-mana, ya? Lalu, dia mendudukkan kedua anaknya pada sebuah batu ceper, tak jauh dari tempatnya menumbuk padi. Batu ceper itu biasa disebut dengan batu golog.', 'batu-golok-2.png', '2024-06-10 09:24:41', '2024-06-10 09:24:41'),
(41, 'Saat sedang sibuk menumbuk padi, terdengar suara kedua anaknya riuh memanggil. Ibu... ibu... lihatlah kami! Inaq Lembain tak memedulikan panggilan anak-anaknya. Dia terus menumbuk. Dia tak tahu, bahwa kedua anaknya memanggilnya karena telah terjadi keanehan pada batu yang mereka duduki. Batu itu diam-diam bergerak naik ke atas, makin lama makin tinggi. Ibu, ibu... lihatlah kami! teriak anak-anak itu lagi. Sssttt... diamlah, jangan ganggu ibu!sahut Inaq Lembain tanpa menoleh sedikitpun pada anak-anaknya. Lama-kelamaan, batu itu semakin tinggi. Kedua anak itu pun ketakutan. Mereka kembali berteriak, Ibu... ibu... batu ini bergerak naik. Kami takut, Bu! Kedua anak itu terus berteriak-teriak, tetapi Inaq Lembain terus menumbuk sampai akhirnya suara anak-anak itu semakin kecil dan jauh.', 'batu-golok-3.png', '2024-06-10 09:24:41', '2024-06-10 09:24:41'),
(42, 'Saat itulah Inaq Lembain menoleh. Alangkah paniknya dia ke melihat anak-anaknya sudah tinggi di langit. Inaq Lembain kebingungan, dia lalu menangis dan memohon pada Tuhan agar anak-anaknya selamat. Inaq Lembain lalu melempar selendang yang dia kenakan. Ajaib, selendang itu mampu memecah batu golog tersebut menjadi tiga bagian. Sayangnya, kedua anaknya telah berubah menjadi dua ekor burung. Yang sulung menjadi burung kekuwo, dan yang bungsu menjadi burung kelik. Inaq Lembain amat menyesal. Meski demikian, dia tetap membawa kedua burung itu pulang dan merawatnya. Konon, ketiga bagian batu golog yang terbelah itu terlempar ke tiga daerah. Daerah-daerah tersebut sekarang bernama Desa Gembong, Dasan Batu, dan Montong Teker.', 'batu-golok-4.png', '2024-06-10 09:24:41', '2024-06-10 09:24:41'),
(43, 'Dulu, di Sungai Tulang Bawang, ada buaya yang suka menculik penduduk desa. Namanya Buaya Perompak. Banyak manusia yang hilang begitu saja saat mandi atau mencuci di sungai itu. Suatu hari, Aminah mencuci baju di sungai itu. Dia sendirian saja. Sepertinya, dia lupa bahwa Buaya Perompak selalu siap menyergap. Dan, ternyata benar. Tiba-tiba, Buaya Perompak muncul. Aminah menjerit, lalu pingsan karena ketakutan.', 'buaya-perompak-1.png', '2024-06-10 09:26:11', '2024-06-10 09:26:11'),
(44, 'Saat dia sadar, dia melihat ke sekelilingnya. Di mana aku? Ibu Ibu... panggil Aminah lemah. Ah... rupanya kau sudah sadar. Buaya Perompak ada di hadapannya. Meski ketakutan, Aminah berusaha tenang. Sekarang, kau berada di dasar sungai, di gua kediamanku. Tak ada seorang pun yang bisa menolongmu, kata Buaya Perompak sambil menyeringai lebar. Aminah menggigil. Kau akan memakanku? Buaya Perompak menggeleng. Aku hanya butuh teman. Sebagai imbalannya, aku akan memberimu emas berlian itu, kata Buaya Perompak menunjuk sekotak peti di ujung gua. Aminah tak bisa menolak. Selain itu, dia tak tahu bagaimana caranya untuk pulang. Maka, dia pun berusaha menjadi teman Buaya Perompak.', 'buaya-perompak-2.png', '2024-06-10 09:26:11', '2024-06-10 09:26:11'),
(45, 'Namun, diam-diam Aminah mencari akal untuk keluar dari gua itu. Dia tak mau selamanya terkurung di sana. Dia rindu pada ibu dan keluarganya. Aminah berusaha mengorek keterangan dari Buaya Perompak.  Dari mana kau mendapat semua perhiasan ini? Semuanya bagus. Aminah berpura-pura mengagumi sebuah kalung mutiara. Aku merampoknya dari orang-orang kaya. Dulu, aku berwujud manusia biasa. Namun, sejak aku terkena kutukan, aku berubah menjadi seperti ini. Pantas saja kau bisa bicara. Lalu, dari mana kau mendapatkan makanan? Tiap hari kau menyediakan makanan lezat untukku, tanya Aminah lagi. Ah, itu gampang. Tiap bulan purnama tiba, aku berubah wujud kembali menjadi manusia. Aku akan menjual sedikit perhiasanku untuk kutukar dengan bahan makanan, Buaya Perompak menyeringai bangga. Lalu, tanpa curiga, Buaya Perompak melanjutkan bicaranya. Aku keluar melalui terowongan di balik gua ini. Terowongan itu langsung tembus ke pasar.', 'buaya-perompak-3.png', '2024-06-10 09:26:11', '2024-06-10 09:26:11'),
(46, 'Sekarang, Aminah tahu jalan keluar dari gua itu. Dia lalu menunggu Buaya Perompak lengah. Saat yang ditunggu Aminah tiba. Buaya Perompak tidur pulas. Dia lupa menutup pintu gua. Aminah segera lari ke balik gua, dan benar, ada terowongan di sana. Aminah berlari menyusuri terowongan. Tak lama kemudian, dia melihat seberkas cahaya. Ternyata, dia sudah sampai di ujung terowongan. Aminah berhasil menyelamatkan diri! Setibanya di rumah, Aminah disambut oleh ayah dan ibunya. Mereka tak menyangka bahwa Aminah masih hidup. Kisah Aminah semakin mengingatkan penduduk desa agar berhati- hati jika mencuci di Sungai Tulang Bawang.', 'buaya-perompak-4.png', '2024-06-10 09:26:11', '2024-06-10 09:26:11'),
(47, 'Serunting iri pada Aria Tebing, adik istrinya. Ladang milik Aria Tebing selalu subur, sedangkan ladangnya sendiri kering kerontang. Padahal, letak ladang mereka bersebelahan. Serunting curiga, Aria Tebing berbuat curang padanya. Maka, dia pun mengajak Aria Tebing berduel. Sayangnya, Serunting kalah. Karena malu, dia pun pergi meninggalkan desanya dan menuju ke Gunung Siguntang. Di gunung itu, Serunting rajin bertapa dan berlatih ilmu bela diri. Suatu hari, ada bisikan gaib di telinganya. Maukah kau memiliki kesaktianku? Jika ya, bertapalah di bawah pohon bambu sampai seluruh tubuhmu tertutup oleh daunnya. Serunting pun menurut, dan setelah dua tahun, tubuhnya pun tertutup oleh daun bambu. Serunting mendapatkan kesaktian yang dijanjikan, yaitu mampu mengutuk apa pun yang ditemuinya.', 'si-pait-lidah-1.png', '2024-06-10 09:38:18', '2024-06-10 09:38:18'),
(48, 'Karena kesaktiannya itu, dia amat ditakuti. Orang-orang menjulukinya si Pahit Lidah. Serunting pun menjadi orang yang sombong dan semena-mena. Jika dia tak menyukai seseorang, dia tak segan mengutuknya menjadi batu! Tahun demi tahun berlalu, Serunting rindu pada istrinya. Dia berkemas dan berjalan pulang. Sepanjang perjalanan, Serunting masih semena-mena. Orang-orang yang bertemu dengannya segera menyingkir. Mereka takut terkena kutukan si Pahit Lidah', 'si-pait-lidah-2.png', '2024-06-10 09:38:18', '2024-06-10 09:38:18'),
(49, 'Karena lelah berjalan, Serunting pun beristirahat. Namun, dia melihat di sekitarnya amat tandus. Tak ada sebatang pohon pun yang bisa dijadikannya tempat berteduh. Serunting tak sengaja berkata, Aku mau tempat ini penuh dengan pepohonan. Dalam sekejap, suasana di sekitar Serunting menjadi teduh. Banyak pohon besar yang rindang. Orang- orang pun mengikuti Serunting beristirahat di bawah pepohonan. Diam-diam, Serunting merasa senang.', 'si-pait-lidah-3.png', '2024-06-10 09:38:18', '2024-06-10 09:38:18'),
(50, 'Setelah cukup beristirahat, Serunting melanjutkan perjalanannya lagi. Lalu dia bertemu dengan sepasang kakek nenek renta yang sedang menebang pohon. Mengapa mereka masih harus bekerja keras di usia setua itu? batinnya. Serunting lalu menghampiri mereka. Ternyata mereka tak punya anak. Serunting pun iba. Dia lalu menawarkan apakah mereka mau memiliki anak. Kakek dan nenek itu pun tak menolak. Serunting lalu berucap, Aku mau kakek dan nenek ini memiliki dua anak. Sesudah berkata demikian, terdengarlah suara bayi menangis dari dalam rumah. Lalu, muncullah seorang anak laki-laki dari rumah dengan menggendong seorang bayi perempuan. Kakek dan nenek itu amat bahagia. Mereka tak henti-hentinya mengucapkan terima kasih pada Serunting. Serunting sangat bahagia. Dia menyadari betapa menyenangkan melihat orang- orang berbahagia daripada melihat mereka ketakutan. Serunting kemudian bertekad menggunakan kesaktiannya untuk hal-hal yang baik, bukan untuk mencelakai orang.', 'si-pait-lidah-4.png', '2024-06-10 09:38:18', '2024-06-10 09:38:18'),
(51, 'Datu Panda\'i adalah putra mahkota sebuah kerajaan di Sumbawa. Suatu hari, dia bermimpi menikahi seorang gadis yang bernama Sari Bulan. Saat terbangun, dia bertekad untuk menemukan gadis dalam mimpinya itu. Dia lalu berpamitan pada ayahnya. Meski berat hati, ayahnya mengizinkan Datu Panda\'i pergi. Dengan menaiki kapal, Datu Panda\'i meninggalkan kerajaan ditemani beberapa pengawal.', 'sari-bulan-1.png', '2024-06-10 09:40:35', '2024-06-10 09:40:35'),
(52, 'Setelah lama berlayar, kapal mereka berlabuh di sebuah pulau kecil. Datu Panda\'i dan para pengawalnya pun turun, mencari air minum dan menyegarkan diri. Saat itulah, mereka melihat sekelompok wanita cantik sedang bersenda gurau di pinggir sebuah sungai. Salah satu di antara mereka memanggil temannya, Sari Bulan, kemarilah! Datu Panda\'i terkesiap. Wanita yang dipanggil Sari Bulan itu benar-benar persis seperti wanita dalam mimpinya. Datu Panda\'i kemudian memberanikan diri untuk menemui orangtua Sari Bulan dan mengutarakan niatnya menikahi Sari Bulan. Setelah menikah, Datu Panda\'i dan Sari Bulan hidup rukun. Bahkan, mereka sedang menantikan kelahiran anak pertama mereka. Sekarang, Datu Panda\'i berniat mengajak istrinya pulang ke kerajaannya.', 'sari-bulan-2.png', '2024-06-10 09:40:35', '2024-06-10 09:40:35'),
(53, 'Sebelum mereka naik kapal, ayah Sari Bulan berpesan agar Datu Panda\'i menjaga Sari Bulan yang sedang hamil tua. Jangan singgah ke Pulau Dewa. Di sana banyak makhluk yang bisa mencelakakan istrimu. Saat kapal sudah jauh berlayar, tiba-tiba saja Sari Bulan mengidam makan daging menjangan. Datu Panda\'i pun tak tega mendengar rengekan istrinya. Dia memutuskan untuk singgah di pulau terdekat dan berburu menjangan. Sayangnya, tanpa dia sadari, pulau itu adalah Pulau Dewa.', 'sari-bulan-3.png', '2024-06-10 09:40:35', '2024-06-10 09:40:35'),
(54, 'Saat Datu Panda\'i dan para pengawal pergi berburu menjangan, para makhluk jahat yang ada di Pulau Dewa mulai gelisah. Salah satunya adalah Kunti, makhluk jahat yang berwajah mengerikan. Kunti naik ke kapal dan menyerang Sari Bulan. Sari Bulan pun tercebur ke lautan. Untunglah, Tuhan masih melindunginya. Bajunya tersangkut pada kemudi di dalam air, sehingga dia tidak tenggelam. Sementara itu, Datu Panda\'i terkejut melihat keadaan kapal yang porak poranda. Saat melihat Kunti yang berwajah mengerikan, dia berteriak, Oh, pasti istriku terkena kutukan. Ya Tuhan, aku tak sadar, pulau ini adalah Pulau Dewa!', 'sari-bulan-4.png', '2024-06-10 09:40:35', '2024-06-10 09:40:35'),
(55, 'Saat tiba di kerajaan, Datu Panda\'i dinobatkan menjadi raja dan Kunti pun menjadi permaisuri. Sebagai permaisuri, tingkahnya amat sombong dan gila hormat. Sementara itu, Sari Bulan yang tersangkut di kemudi kapal diselamatkan oleh kerang raksasa. Kerang itulah yang membawanya ke daratan, ke kerajaan Datu Panda\'i. Sayangnya, mata Sari Bulan buta. Terlalu lama di laut menyebabkan biji matanya dimangsa oleh ikan.', 'sari-bulan-5.png', '2024-06-10 09:40:35', '2024-06-10 09:40:35'),
(56, 'Dahulu kala di Jawa Barat, ada Raja dan Permaisuri yang belum juga dikaruniai keturunan. Padahal, mereka sudah bertahun-tahun menunggu. Raja akhirnya memutuskan untuk pergi bertapa ke hutan. Di sana, beliau juga terus berdoa pada Yang Maha Kuasa agar memberikan seorang anak pada mereka. Doa mereka akhirnya terkabul, Raja dan Permaisuri dikaruniai seorang putri yang elok. Tak hanya mereka berdua yang gembira, seluruh rakyat juga bersuka cita menyambut kelahiran Putri. Raja dan Permaisuri menyayangi dan memanjakan putrinya. Segala keinginannya pasti dituruti.', 'telaga-warna-1.png', '2024-06-10 09:42:14', '2024-06-10 09:42:14'),
(57, 'Tak terasa, Putri tumbuh menjadi gadis yang cantik. Sebentar lagi, dia akan berulang tahun ketujuh belas. Raja akan mengadakan pesta besar-besaran dan semua rakyat diundang ke pesta itu. Raja dan Permaisuri menyiapkan hadiah istimewa untuk Putri. Hadiah itu adalah kalung yang diuntai dari permata warna-warni. Kalung itu amat indah. Saat pesta berlangsung, Raja menyerahkan kalung itu. Ini hadiah dari kami. Kau pasti menyukainya. Lihat, indah sekali bukan? Raja pun bersiap mengalungkan kalung itu ke leher sang putri. Namun, di luar dugaan, Putri menolak mengenakan kalung itu. Aku tak suka kalung ini, Ayah, tolaknya.', 'telaga-warna-2.png', '2024-06-10 09:42:14', '2024-06-10 09:42:14'),
(58, 'Raja dan Permaisuri saling berpandangan. Permaisuri lalu berusaha membujuk putrinya dengan lembut. Beliau mendekat dan hendak memakaikan kalung itu ke leher Putri. Aku tidak mau! Aku tak suka kalung itu! teriak sang Putri sambil menepis tangan Permaisuri. Tak sengaja, kalung itu pun terjatuh. Permatanya tercerai-berai berjatuhan di lantai. Rakyat yang hadir terpana melihat kejadian ini. Permaisuri amat sedih. Beliau lalu terduduk dan menangis.', 'telaga-warna-3.png', '2024-06-10 09:42:14', '2024-06-10 09:42:14'),
(59, 'Mendengar tangisannya yang menyayat hati, beberapa wanita yang hadir di pesta itu ikut menangis. Para pria akhirnya juga turut menangis. Seluruh rakyat yang hadir menangis. Mereka sedih melihat tingkah laku Putri yang mereka sayangi. Tak disangka, air mata yang tumpah ke lantai berubah menjadi aliran air yang cukup deras dan menghanyutkan permata-permata yang berserakan di lantai. Air itu mengalir ke luar istana dan membentuk sebuah danau yang luas. Anehnya, air danau itu berwarna-warni seperti warna permata yang ada di kalung putri. Danau tersebut kini dikenal dengan nama Telaga Warna.', 'telaga-warna-4.png', '2024-06-10 09:42:14', '2024-06-10 09:42:14'),
(60, 'Cindelaras adalah seorang pemuda yang tinggal bersama ibunya di sebuah hutan terpencil. Jika melihat perawakannya yang gagah dan parasnya yang tampan, rasanya tak pantas dia tinggal di hutan. Dia lebih cocok tinggal di istana. Sebenarnya, Cindelaras memang seorang pangeran. Ayahnya adalah Raden Putra, raja Kerajaan Jenggala. Namun, ibu Cindelaras merahasiakan hal ini kepada putranya.', 'cidelaras-1.png', '2024-06-10 09:44:58', '2024-06-10 09:44:58'),
(61, 'Meski tinggal di hutan, Cindelaras tak kesepian. Dia bersahabat dengan semua binatang yang ada. Suatu hari, seekor burung rajawali menghadiahinya sebutir telur ayam. Cindelaras amat senang dan menghangatkan telur itu supaya bisa menetas dengan baik. Selang beberapa minggu, telur itu pun menetas. Dengan sabar, Cindelaras memelihara anak ayamnya. Dia tak pernah lupa memberi makan dan memandikannya. Sekarang, anak ayam itu telah menjadi ayam jantan yang besar dan kuat.', 'cidelaras-2.png', '2024-06-10 09:44:58', '2024-06-10 09:44:58'),
(62, 'Namun, ada yang aneh pada ayam itu. Saat berkokok, ayam itu mengeluarkan suara, Kukuruyukk... tuanku Cindelaras, wajahnya tampan rupawan, rumahnya di hutan rimba, ayahnya Raden Putra. Rupanya, ayam jantan ini adalah ayam jantan ajaib! Karena penasaran, Cindelaras bertanya pada ibunya, Benarkah Raden Putra adalah ayahku? Ibunya akhirnya menceritakan kejadian bertahun-tahun yang lalu. Raden Putra mengusir ibu Cindelaras dari istana karena dituduh telah meracuni adik Raden Putra. Saat itu, Raden Putra tak tahu bahwa ibu Cindelaras sedang mengandung.', 'cidelaras-3.png', '2024-06-10 09:44:58', '2024-06-10 09:44:58'),
(63, 'Mendengar cerita ibunya, Cindelaras bertekad untuk menemui Raden Putra. Setelah menempuh perjalanan jauh, Cindelaras akhirnya sampai di Kerajaan Jenggala. Aku ingin mengadu ayamku dengan ayam Raden Putra, kata Cindelaras pada para pengawal. Raden Putra pun menemui Cindelaras. Saat melihat Cindelaras, Raden Putra terkesiap. Beliau merasa mengenal wajah itu. Siapa kau? Berani sekali menantang ayamku. Apa yang akan kau berikan padaku jika ayammu kalah? tantang Raden Putra.', 'cidelaras-4.png', '2024-06-10 09:44:58', '2024-06-10 09:44:58'),
(64, 'Cindelaras menunduk hormat, Hamba akan mengabdikan seluruh hidup hamba pada Kerajaan Jenggala. Raden Putra setuju. Cindelaras pun mengeluarkan si ayam jantan dari keranjang yang dizinjingnya. Begitu keluar, ayam Cindelaras langsung berkokok seperti biasanya. Kukuruyuukk... tuanku Cindelaras, wajahnya tampan rupawan, rumahnya di hutan rimba, ayahnya Raden Putra. Semua yang ada di situ terkejut. Wajah Raden Putra memucat.', 'cidelaras-5.png', '2024-06-10 09:44:58', '2024-06-10 09:44:58'),
(65, 'Siapakah dirimu sebenarnya? Mengapa ayam ini berkata bahwa kau adalah putraku? Cindelaras pun menjelaskan siapa dirinya dan Raden Putra terduduk mendengarnya. Astaga, aku telah menyia-nyiakan anakku sendiri! sesalnya.  Raden Putra memandang Cindelaras, Anakku, maukah kau memaafkan kesalahan ayahmu ini? Cindelaras mengangguk mantap. Raden Putra lega dan beliau memerintahkan para pengawal untuk menjemput ibu Cindelaras dari hutan. Sebenarnya, setelah mengusir ibu Cindelaras, Raden Putra menyadari bahwa dia telah melakukan kesalahan. Namun, dia tidak dapat menemukan istrinya. Ibu Cindelaras seperti lenyap ditelan bumi. Sekarang, berkat ayam jantan Cindelaras, mereka semua dapat berkumpul kembali dan hidup berbahagia.', 'cidelaras-6.png', '2024-06-10 09:44:58', '2024-06-10 09:44:58'),
(66, 'Dahulu, hiduplah seorang anak laki-laki yang memiliki nafsu makan sangat besar. Namanya Kebo Iwa, artinya Paman Kerbau. Dia dinamai seperti itu, karena dia terus makan seperti kerbau. Begitu banyak makannya, badannya pun menjadi besar dan kuat. Sekarang, Kebo Iwa menjadi pemuda yang tangguh. Dia bekerja sebagai penjaga keamanan di desanya. Dengan badannya yang besar, dia mudah mengalahkan siapa saja yang hendak mengganggu desanya. Karena kehebatannya, Raja Bedahulu mengangkatnya menjadi patih kerajaan. Kebo Iwa amat tersanjung. Lalu, dia pun mengucap sumpah. Selama Hamba masih bernapas, Pulau Bali tak akan pernah dikuasai oleh siapa pun.', 'kebo-iwa-1.png', '2024-06-10 09:47:00', '2024-06-10 09:47:00'),
(67, 'Ucapannya terbukti. Sejak Kebo Iwa menjadi patih, Kerajaan Majapahit yang selalu menyerang Bali, tak berani lagi mengganggu. Patih Kerajaan Majapahit yang bernama Gajah Mada menjadi gelisah. Dari dulu, dia memiliki tekad untuk menyatukan seluruh nusantara. Dia bahkan bersumpah untuk tidak memakan buah palapa jika tekadnya itu belum tercapai. Sumpah itu dikenal dengan Sumpah Palapa. Dengan adanya Kebo Iwa, dia tak bisa menyerang Bali. Dia mencari akal. Dia mengundang Kebo Iwa untuk datang ke jamuan makan di Kerajaan Majapahit.', 'kebo-iwa-2.png', '2024-06-10 09:47:00', '2024-06-10 09:47:00'),
(68, 'Di Majapahit, Kebo Iwa disambut dengan meriah. Patih Gajah Mada sendiri yang menyambutnya. Setelah makan, Patih Gajah Mada bertanya pada Kebo Iwa. Sebagai tanda perdamaian di antara kita, maukah kau membantu kami? Patih Gajah Mada lalu menjelaskan bahwa Majapahit kekurangan air. Dia meminta bantuan Kebo Iwa untuk menggali sumur raksasa. Kebo Iwa dengan senang hati mengiyakan permintaan itu.', 'kebo-iwa-3.png', '2024-06-10 09:47:00', '2024-06-10 09:47:00'),
(69, 'Ternyata itu hanya jebakan! Saat Kebo Iwa berada di dalam tanah dan menggali, tiba-tiba saja pasukan Majapahit menutup lubang itu dengan tanah dan batu. Tentu saja Kebo Iwa marah. Sekuat tenaga, dia melempar balik batu-batu itu dan melesat keluar dari lubang sumur.  Kebo Iwa lalu bertarung melawan Patih Gajah Mada. Menyerahlah, Patih Kebo Iwa. Niat kami hanya ingin mempersatukan nusantara! teriak Patih Gajah Mada. Kebo Iwa tak peduli. Mereka terus bertarung, sampai akhirnya mereka kelelahan.', 'kebo-iwa-4.png', '2024-06-10 09:47:00', '2024-06-10 09:47:00'),
(70, 'Pertempuran ini sia-sia. Aku akan terus berusaha menguasai Bali. Niatku bukan untuk menjajah, tapi untuk mempersatukan nusantara ini! kata Patih Gajah Mada. Melihat kegigihan Patih Gajah Mada, Kebo Iwa pun bimbang. Aku tak bisa menyerah. Aku sudah bersumpah menjaga Bali selama aku masih bernapas, jawab Kebo Iwa. Kebo Iwa lalu menunjuk gunung kapur di seberang pulau. Kau tak akan bisa membunuhku. Aku punya kesaktian. Namun, jika kau bisa menghancurkan gunung kapur itu, dan mengoleskan sedikit ke kepalaku, maka kesaktianku akan hilang. Meski heran dengan pernyataan Kebo Iwa, Patih Gajah Mada melesat menuju gunung itu. Dia kembali membawa segenggam kapur dan mengoleskannya ke kepala Kebo Iwa.', 'kebo-iwa-5.png', '2024-06-10 09:47:00', '2024-06-10 09:47:00'),
(71, 'Kebo Iwa langsung lemas tak bertenaga. Dengan mudah, Patih Gajah Mada mengalahkannya. Tidak apa-apa, kematianku membawa kebaikan bagi kita semua, ucap Kebo Iwa sebelum meninggal. Patih Gajah Mada memeluk jasad Kebo Iwa. Dia kagum dengan jiwa kesatria Kebo Iwa yang rela berkorban demi tujuan mulia. Akhirnya, Kerajaan Majapahit dengan mudah menaklukkan Pulau Bali. Sesuai janji Patih Gajah Mada kepada Kebo Iwa, niatnya memang murni untuk menyatukan nusantara, bukan untuk menjajah maupun menyengsarakan rakyat Bali.', 'kebo-iwa-6.png', '2024-06-10 09:47:00', '2024-06-10 09:47:00'),
(72, 'Manik Angkeran adalah putra seorang Brahmana bernama Sidhimantra. Mereka tinggal di Kerajaan Daha, Bali. Waktu itu, Pulau Bali belum terpisah dengan Pulau Jawa. Manik Angkeran adalah anak yang cerdas. Sayangnya, dia mudah dipengaruhi oleh teman-temannya. Dia suka sekali menyabung ayam. Padahal, sudah berulang kali Sidhimantra menasihatinya. Semakin lama, ayamnya semakin sering kalah. Uang Manik Angkeran pun ludes. Dia bahkan harus berhutang untuk membayar kekalahannya. Namun, dia tak pernah kapok. Dia masih ingin terus menyabung ayam.', 'selat-bali-1.png', '2024-06-10 09:49:09', '2024-06-10 09:49:09'),
(73, 'Anakku, kau tak akan pernah bisa kaya dari menyabung ayam. Berhentilah selagi belum terlambat, nasihat Sidhimantra. Namun, Manik Angkeran tak peduli. Lama kelamaan, harta ayahnya juga ludes dipakainya untuk membayar hutang. Sekarang, Sidhimantra tak punya uang lagi. Suatu hari, Manik dikejar-kejar orang yang menagih hutangnya. Ayah, tolonglah aku! Mereka akan mencelakaiku jika aku tak membayar hutangku! Sidhimantra gelisah. Dia sudah tak memiliki harta, tetapi dia juga tak mau anaknya celaka. Sidhimantra lalu mendapat petunjuk lewat mimpinya, untuk meminta pertolongan pada Naga Besukih di Gunung Agung.', 'selat-bali-2.png', '2024-06-10 09:49:09', '2024-06-10 09:49:09');
INSERT INTO `story_details` (`id`, `story`, `thumbnail`, `created_at`, `updated_at`) VALUES
(74, 'Sesampainya di Gunung Agung, Sidhimantra membunyikan genta seperti petunjuk dalam mimpinya. Naga Besukih yang mendengarnya pun keluar. Sidhimantra memandang takjub! Ekor Naga Besukih penuh dengan emas dan permata! Siapakah kau? Apa maksudmu datang kemari? tanya Naga Besukih. Sidhimantra lalu menjelaskan maksud kedatangannya. Dia hendak meminta sedikit harta Naga Besukih untuk membayar hutang Manik Angkeran. Naga Besukih setuju, lalu dia mulai menggoyangkan ekornya. Beberapa emas dan permata pun rontok dari ekornya itu. Dia lalu memberikannya pada Sidhimantra. Sayangnya, Manik Angkeran tidak membayar hutangnya. Dia malah menggunakan harta itu untuk kembali menyabung ayam. Akhirnya, harta itu ludes lagi dan dia berhutang lagi.', 'selat-bali-3.png', '2024-06-10 09:49:09', '2024-06-10 09:49:09'),
(75, 'Karena tak bisa lagi meminta pada ayahnya, dia lalu mencari tahu dari mana ayahnya mendapat harta. Ayahmu telah menemui Naga Besukih untuk meminta harta, kata seseorang. Manik Angkeran meniru tindakan ayahnya. Naga Besukih pun muncul di hadapannya. Mendengar penuturan Manik, Naga Besukih sedikit kesal. Namun, dia tetap bersedia memberikan hartanya. Saat dia menggoyangkan ekornya, Manik Angkeran silau melihat betapa banyaknya emas dan permata yang menempel di sana. Dia lalu mengambil pedang dan berusaha memotong ekor Naga Besukih. Namun, Naga Besukih berhasil melawannya dan membalas serangan itu dengan api dari mulutnya. Manik Angkeran tak bisa mengelak, dia tersambar api dan tubuhnya menjadi abu. Saat itulah Sidhimantra muncul. Wahai Naga Besukih, sudikah kau menghidupkan putraku lagi? Berilah dia kesempatan untuk memperbaiki dirinya, mohon Sidhimantra.', 'selat-bali-4.png', '2024-06-10 09:49:09', '2024-06-10 09:49:09'),
(76, 'Naga Besukih menghela napas. Baiklah. Aku akan menghidupkannya, tapi dia tak boleh pulang denganmu. Dia harus tinggal di sini dan menjadi muridku. Aku akan mendidiknya menjadi orang yang baik dan berilmu. Sidhimantra setuju. Manik Angkeran pun hidup kembali. Untuk mencegah Manik Angkeran pulang bersamanya, Sidhimantra mengeluarkan tongkatnya dan membuat garis yang memisahkan dirinya dengan anaknya. Dari garis itu tiba-tiba keluar air yang tambah lama bertambah deras. Gunung Agung pun terpisah dari sekitarnya. Genangan air itulah yang kemudian dikenal dengan Selat Bali yang memisahkan Pulau Bali dan Pulau Jawa.', 'selat-bali-5.png', '2024-06-10 09:49:09', '2024-06-10 09:49:09'),
(77, 'Darmi adalah seorang gadis yang amat suka bersolek. Wajahnya memang cantik. Tiap hari, dia menghabiskan waktu untuk berdandan dan mematut diri di depan cermin. Ibunya sering menasihati agar Darmi juga meluangkan waktu untuk membantunya.Bantulah Ibu. Ibu kan harus pergi ke ladang. Nah, tolong goreng ikan ini, ya? pinta ibunya. Darmi menolak. Nanti tanganku tepercik minyak, wajahku kusam, begitulah alasannya. Karena Darmi terus berkukuh, ibunya Pun mengalah. Selalu saja begitu. Darmi tak pernah mau membantu ibunya.', 'batu-menagis-1.png', '2024-06-10 09:52:48', '2024-06-10 09:52:48'),
(78, 'Sepeninggal suaminya, kehidupan ibu Darmi memang berat. Dia harus bekerja keras untuk menghidupi Darmi. Sayang sekali, Darmi tak menyadari hal itu. Malah, wajah ibunya yang tampak tua dan kusam, membuat Darmi sering mengoloknya. Suatu hari, Darmi merengek agar ibunya membeli baju- baju baru. Baiklah, tapi temani Ibu. Ibu tak tahu harus beli di mana. Dengan bersungut-sungut, Darmi pun menemani ibunya. Mereka berdua berjalan menuju kota. Bu, jangan berjalan di sebelahku. Aku malu! desis Darmi di telinga ibunya.', 'batu-menagis-2.png', '2024-06-10 09:52:48', '2024-06-10 09:52:48'),
(79, 'Ibu Darmi tak menyangka Darmi akan bersikap seperti itu. Namun, dia mengalah. Memang bajuku jelek dan aku juga belum mandi. Pantas saja Darmi malu gumamnya. Dia lalu berjalan di belakang Darmi. Saat tiba di kota, suasana begitu ramai. Banyak pedagang menjual baju dan kain yang indah. Hai gadis cantik, silakan melihat-lihat, kata seorang pedagang. Darmi pun mendekat. Dengan girang dia memilih-milih baju untuknya.', 'batu-menagis-3.png', '2024-06-10 09:52:48', '2024-06-10 09:52:48'),
(80, 'Ibu pasti senang Punya anak secantik ini, kata pedagang pada ibu Darmi. Darmi terkesiap, Eh, siapa yang kau maksud? Dia bukan ibuku. Dia cuma pembantuku, katanya ketus. Ibu Darmi ternganga. Pedagang itu pun mengerenyit. Tapi, wajah kalian mirip. Karena kesal, Darmi tak jadi membeli baju. Dia bergegas meninggalkan pedagang itu dan berjalan pulang. Dengan tergopoh-gopoh, ibunya mengikuti.', 'batu-menagis-4.png', '2024-06-10 09:52:48', '2024-06-10 09:52:48'),
(81, 'Saat perjalanan pulang, lagi-lagi ada yang menyapa mereka. Bu, anak Ibu sungguh cantik. Andai saja aku Punya anak laki-laki, pasti akan kunikahkan dengan anak Ibu, kata seorang wanita yang berpapasan dengan mereka. Lagi-lagi Darmi menjawab ketus. Aku bukan anaknya! Dia itu cuma pembantu. Ibuku ada di rumah, dia cantik dan bersih seperti aku! Diam-diam, ibu Darmi menangis. Ya Tuhan, ampunilah anakku. Dia lupa bahwa aku adalah ibu yan9 mengandung dan membesarkannya. Sadarkan dia dari kesalahannya ini, doanya dalam hati. Darmi, aku ini ibumu. Aku yang mengandung dan melahirkanmu, ibunya berkata lirih. Darmi menggeleng kuat-kuat. Aku tak pernah memintamu jadi ibuku. Tuhan pasti salah memberikan aku padamu. Aku mau ibu yang cantik!', 'batu-menagis-5.png', '2024-06-10 09:52:48', '2024-06-10 09:52:48'),
(82, 'Duarrrr... tiba-tiba petir menyambar tepat setelah Darmi menyelesaikan ucapannya. Langit tampak gelap gulita. Ayo Darmi, cepatlah. Kita harus segera sampai di rumah. Sepertinya akan ada badai, ajak Ibu. Namun, tubuh Darmi membeku. Darmi, apa yang terjadi padamu, Nak? teriak ibunya. Darmi tampak ketakutan sambil memandangi kedua kakinya yang tak bisa digerakkan. Kakiku, Bu... kakiku tak bisa digerakkan. Rasanya seperti batu. Tolong aku, Bu. Baru saja Darmi menyelesaikan ucapannya, tubuhnya semakin kaku. Kini, seluruh tubuhnya tak dapat digerakkan. Dia berubah menjadi batu. Namun, sebelumnya dia sempat berujar, Ibu, maafkan semua kesalahanku. Ampuni aku, Bu. Semuanya sudah terlambat. Ibu Darmi hanya bisa menangis dan memeluk batu itu. Terlihat olehnya, batu itu mengeluarkan air mata. Itu adalah air mata penyesalan Darmi. Sampai sekarang, batu itu dikenal dengan sebutan Batu Menangis', 'batu-menagis-6.png', '2024-06-10 09:52:48', '2024-06-10 09:52:48'),
(83, 'Dulu, ada sebuah gunung bernama Mahameru. Letaknya di ujung timur Pulau Jawa. Gunung Mahameru amat besar sehingga daerah ujung timur Pulau Jawa tak mampu menahan beratnya. Akibatnya, daerah di sekitar timur Jawa miring dan tenggelam ke laut. Sebaliknya, daerah di ujung barat Pulau Jawa, malah terangkat naik.', 'gunung-tidar-1.png', '2024-06-10 09:54:09', '2024-06-10 09:54:09'),
(84, 'Hal ini tentu membuat Pulau Jawa terlihat aneh dan tak seimbang. Karena itu, para dewa yang dipimpin oleh Batara Guru, memutuskan untuk memindahkan Gunung Mahameru ke daerah barat. Pada hari yang ditentukan, para dewa mengangkat gunung itu. Mereka lalu terbang ke arah barat. Tanpa mereka sadari, puncak gunung itu jatuh dan menjadi Gunung Semeru', 'gunung-tidar-2.png', '2024-06-10 09:54:09', '2024-06-10 09:54:09'),
(85, 'Para dewa terus terbang ke barat. Selama perjalanan, sedikit demi sedikit bagian gunung itu jatuh, sehingga menyebabkan terbentuknya deretan gunung baru. Saat para dewa melintas di tengah-tengah Pulau Jawa, mereka baru menyadari bahwa gunung yang mereka bawa tinggal sedikit. Mereka lalu memutuskan untuk menghentikan perjalanan. Sisa gunung itu mereka letakkan tepat di tengah Pulau Jawa, dan disebut Gunung Tidar.  Letak Gunung Tidar yang tepat di tengah itu telah membuat Pulau Jawa menjadi seimbang, tidak miring ke timur atau miring ke barat.', 'gunung-tidar-3.png', '2024-06-10 09:54:09', '2024-06-10 09:54:09'),
(86, 'Di sebuah hutan yang sepi, Mbok Sarni tinggal seorang diri. Karena kesepian, dia ingin sekali memiliki anak. Tiap hari, dia tak bosan berdoa. Sampai suatu saat, ada raksasa yang kebetulan lewat, mendengar doanya. Hei, Wanita Tua! Apakah kau sungguh menginginkan seorang anak? tanya Raksasa dengan suara yang mengejutkan Mbok Sarni. Dengan gemetaran, Mbok Sarni menjawab, Be... benar. Tapi sepertinya sulit. Aku sudah tua.', 'timun-mas-1.png', '2024-06-10 09:57:17', '2024-06-10 09:57:17'),
(87, 'Raksasa itu tertawa keras, dan berkata bahwa dia akan mengabulkan keinginan Mbok Sarni. Tapi ada syaratnya. Nanti saat dia berusia enam tahun, aku akan menjemputnya dan menyantapnya. Jadi, peliharalah dia baik-baik. Mbok Sarni tak punya pilihan. Dia setuju. Raksasa lalu memberinya segenggam biji mentimun dan meminta Mbok Sarni untuk menanamnya.', 'timun-mas-2.png', '2024-06-10 09:57:17', '2024-06-10 09:57:17'),
(88, 'Beberapa bulan berlalu, Mbok Sarni memanen mentimun-mentimunnya. Alangkah kagetnya dia saat menemukan seorang bayi perempuan cantik di dalam salah satu mentimun yang berwarna keemasan. Digendongnya bayi itu, dan dinamainya Timun Mas. Tak terasa, Timun Mas sudah berumur enam tahun. Bum... bum... terdengarlah langkah kaki Raksasa. Dia berteriak-teriak di luar rumah Mbok Sarni, meminta agar Timun Mas diserahkan kepadanya. Kembalilah dua tahun lagi. Dia masih kecil dan kurus, pinta Mbok Sarni dengan resah. Raksasa itu marah, tetapi dia juga tak mau menyantap anak yang kurus. Baiklah, aku akan kembali dua tahun lagi!', 'timun-mas-3.png', '2024-06-10 09:57:17', '2024-06-10 09:57:17'),
(89, 'Sepeninggal Raksasa, Mbok Sarni terus berdoa agar ada jalan keluar untuk menyelamatkan Timun Mas. Hingga suatu hari Mbok Sarni dan Timun Mas bertemu dengan seorang pertapa sakti yang melintasi hutan. Mbok Sarni menceritakan masalahnya pada pertapa itu. Sambil mengelus kepala Timun Mas, pertapa itu berkata, Jika raksasa itu datang, larilah dengan kencang. Terimalah empat bungkusan ini, dan lemparkan satu per satu saat kau lari. Timun Mas mengangguk.', 'timun-mas-4.png', '2024-06-10 09:57:17', '2024-06-10 09:57:17'),
(90, 'Dua tahun kemudian, Raksasa benar-benar datang. Saat melihatnya, Timun Mas pun segera melarikan diri. Raksasa itu marah dan segera mengejarnya. Timun Mas segera melaksanakan saran sang pertapa. Dia membuka bungkusan pertama dan melemparkan isinya, yaitu biji mentimun. Ajaib, biji-biji itu berubah menjadi ladang mentimun yang amat lebat buahnya. Langkah Raksasa tertahan karena batang-batang pohon mentimun itu melilit tubuhnya. Namun, tak lama kemudian Raksasa berhasil lolos. Dia mengejar Timun Mas lagi. Timun Mas melemparkan isi bungkusan kedua, yaitu jarum. Jarum-jarum itu berubah menjadi pohon-pohon bambu yang tinggi dan berdaun lebat. Raksasa harus bekerja keras menerobos pohon- pohon bambu itu. Meski badannya terluka karena tergores batang-batang bambu, Raksasa tak menyerah. Dia kembali mengejar Timun Mas.', 'timun-mas-5.png', '2024-06-10 09:57:17', '2024-06-10 09:57:17'),
(91, 'Dengan panik, Timun Mas melempar isi bungkusan ketiga, yaitu garam. Garam itu berubah menjadi lautan yang luas. Namun, Raksasa berhasil menyeberangi lautan itu. Meski tampak kelelahan, Raksasa tak mau menyerah. Akhirnya, Timun Mas melemparkan isi bungkusan keempat yang berisi terasi. Terasi itu lalu berubah menjadi lautan lumpur yang panas. Raksasa tak sempat menghentikan larinya. Dia pun terperosok ke dalam lumpur. Aduh, panas... panas...! teriaknya. Timun Mas terus berlari dan kembali ke rumahnya. Sejak saat itu, Mbok Sarni pun hidup tenang bersama Timun Mas. Raksasa itu tak pernah lagi datang mengganggu mereka.', 'timun-mas-6.png', '2024-06-10 09:57:17', '2024-06-10 09:57:17'),
(92, 'Di sebuah desa, ada seorang gadis piatu yang tinggal bersama ayahnya. Gadis itu bernama Bawang Putih. Saat Bawang Putih beranjak dewasa, ayahnya menikah lagi. Sekarang, Bawang Putih mempunyai ibu tiri dan juga seorang saudara tiri bernama Bawang Merah. Awalnya, si ibu tiri amat baik pada Bawang Putih. Demikian juga dengan Bawang Merah. Namun, lama-kelamaan sifat mereka berubah, apalagi setelah ayah Bawang Putih meninggal dunia. Mereka berdua bersikap sewenang- wenang terhadap Bawang Putih.', 'bawang-putih-dan-merah-1.png', '2024-06-10 09:59:35', '2024-06-10 09:59:35'),
(93, 'Suatu hari, Bawang Putih pergi mencuci di sungai. Saat membilas, baju kesayangan ibu tirinya hanyut terbawa arus sungai. Bawang Putih ketakutan. Ibu tirinya pasti marah. Maka, dia memberanikan diri menyusuri arus sungai yang deras untuk menemukan baju itu. Dia terus berjalan, tetapi baju itu tak juga ditemukan. Padahal, hari semakin gelap. Bawang Putih menangis. Dia lelah dan takut. Saat itulah seorang nenek tua melintas. Gadis cantik, apa yang kau lakukan di sini? Hari sudah malam, tegur nenek itu. Sambil berurai air mata, Bawang Putih menceritakan masalahnya. Nenek itu mengeluarkan sesuatu dari keranjangnya. Apakah ini bajunya? Bawang Putih terbelalak senang melihat baju itu. Itu memang baju ibu tirinya.', 'bawang-putih-dan-merah-2.png', '2024-06-10 09:59:35', '2024-06-10 09:59:35'),
(94, 'Kau boleh mengambilnya kembali, tapi ada syaratnya. Kau harus membantuku membawakan keranjangku ini. Bahuku terasa pegal memanggulnya, keluh nenek itu. Bawang Putih setuju. Dia merasa iba melihat tubuh renta si nenek. Meski keranjang itu cukup berat, tetapi Bawang Putih tak mengeluh sedikit pun. Setiba di rumah Nenek, Bawang Putih berpamitan. Sesuai janjinya, nenek tua itu mengembalikan baju ibu tirinya. Selain itu, dia juga memberi sebuah labu pada Bawang Putih. Pilihlah, kau mau yang besar atau yang kecil? tanyanya. Karena tak mau serakah, Bawang Putih memilih labu yang kecil. Kami hanya tinggal bertiga. Labu ini cukup untuk kami semua. Tak perlu labu yang besar.', 'bawang-putih-dan-merah-3.png', '2024-06-10 09:59:35', '2024-06-10 09:59:35'),
(95, 'Bawang Putih pulang dengan hati senang. Sesampainya di rumah, dia menceritakan semua pengalamannya pada ibu tirinya, yang terus mengomel. Untuk menghentikan omelan ibu tirinya, Bawang Putih pun menunjukkan labunya. Dia lalu mengambil pisau dan membelah labu itu. Tak disangka, dari dalam labu itu keluar emas dan berlian yang amat banyak. Di mana tempat tinggal nenek itu? Aku juga mau labu seperti ini! teriak Bawang Merah. Bawang Putih lalu menjelaskan tempat dia bertemu dengan nenek itu. Dan, Bawang Merah pun pergi ke sana.', 'bawang-putih-dan-merah-4.png', '2024-06-10 09:59:35', '2024-06-10 09:59:35'),
(96, 'Bawang Merah pura-pura menghanyutkan bajunya, lalu menangis seperti yang dilakukan Bawang Putih. Ternyata, nenek itu muncul lagi. Nenek itu lalu mengajukan syarat yang sama. Teringat akan cerita Bawang Putih, Bawang Merah pun setuju. Namun, berbeda dengan Bawang Putih, Bawang Merah terus mengomel. Sebentar-sebentar dia berhenti dan mengeluh kelelahan. Bahkan, saat perjalanan masih jauh, dia sudah tak mau lagi membawakan keranjang nenek itu. Bawa saja sendiri, aku mau pulang saja. Tapi, sebelum aku pulang, aku minta labu! ujarnya ketus.  Nenek itu menghela napas dan mengeluarkan dua buah labu dari keranjangnya. Ini. Mana yang kau pilih? Yang besar atau yang kecil? Tanpa menjawab, Bawang Merah merebut labu yang besar dan segera berlari pulang. Di rumah, ibunya menyambut gembira. Mereka berdua lalu membelah labu itu. Namun, labu itu tak mengeluarkan emas dan berlian. Labu itu malah mengeluarkan binatang-binatang yang mengerikan seperti ular dan kalajengking. Mereka berdua berteriak ketakutan dan membuang labu itu jauh-jauh. Mereka berdua akhirnya menyadari bahwa mereka terlalu serakah. Sejak saat itu, mereka pun bersikap baik pada Bawang Putih. ', 'bawang-putih-dan-merah-5.png', '2024-06-10 09:59:35', '2024-06-10 09:59:35'),
(97, 'Pada zaman dahulu, ada sepasang suami istri yang bekerja sebagai petani. Menjelang musim panen, Suami berkata pada istrinya. Jika nanti hasil panen kita berlimpah, buatlah tumpeng nasi yang besar. Lalu, undanglah semua orang untuk makan bersama. Istrinya setuju. Mereka berharap hasil panen mereka benar-benar melimpah. Ternyata, harapan mereka terkabul! Dengan penuh sukacita, Istri menyiapkan tumpeng nasi dan menyilakan penduduk desa untuk makan sepuasnya.', 'bukit-catu-1.png', '2024-06-10 10:05:53', '2024-06-10 10:05:53'),
(98, 'Menjelang musim panen berikutnya, si Suami berkata lagi pada istrinya. Semoga saja panen kita nanti lebih banyak lagi! Kalau bisa, tiga kali lipat dari sebelumnya. Nanti, jika harapanku ini terkabul, buatlah tiga tumpeng nasi yang lebih besar. Lagi-lagi, istrinya setuju. Dia juga ingin agar hasil panennya banyak Wah, kita bisa mengadakan pesta yang jauh lebih meriah, gumamnya. Musim panen tiba. Harapan mereka terkabul lagi. Hasil panennya tiga kali lipat dari jumlah panen sebelumnya! Ini benar-benar anugerah. Apa yang kita harapkan selalu berhasil, seru Suami. Lalu, seluruh penduduk desa kembali diundang. Mereka berpesta dengan tiga tumpeng nasi dan aneka hidangan lainnya.', 'bukit-catu-2.png', '2024-06-10 10:05:53', '2024-06-10 10:05:53'),
(99, 'Beberapa hari kemudian, Suami pergi ke sawah. Di sana, dia melihat seonggok tanah yang bentuknya mirip catu, alat penakar beras dari tempurung kelapa. Hmm, aneh sekali. Kemarin, gundukan tanah ini tidak ada, batinnya. Dia lalu menceritakan temuannya pada istrinya. Bagaimana jika kita membuat beberapa catu nasi? Siapa tahu, kalau kita membuatnya, hasil panen kita jauh lebih banyak, usulnya.', 'bukit-catu-3.png', '2024-06-10 10:05:53', '2024-06-10 10:05:53'),
(100, 'Sejak saat itu, Istri rajin membuat catu nasi. Setiap catu nasi yang dia buat, dia niatkan untuk menambah hasil panennya. Namun, ada keanehan yang terjadi. Saat Suami pergi ke sawah, onggokan tanah yang berbentuk seperti catu nasi itu semakin besar. Rupanya, tiap kali sang istri membuat catu nasi, saat itu pula onggokan tanah membesar. Si petani tidak menyadari hal itu. Dia malah membuat catu yang lebih besar dan lebih besar lagi. Seolah mengikutinya, onggokan tanah itu juga semakin besar dan lebih besar. Lama-kelamaan, onggokan tanah itu berubah menjadi bukit. Saat si petani dan istrinya berhenti membuat catu nasi, onggokan tanah itu juga berhenti membesar. Sejak saat itulah, onggokan tanah itu disebut dengan Bukit Catu.', 'bukit-catu-4.png', '2024-06-10 10:05:53', '2024-06-10 10:05:53'),
(101, 'Dahulu kala, kerajaan ayam bersahabat dengan kerajaan ikan tongkol. Suatu hari, Raja Ayam memberitahu Raja Ikan Tongkol bahwa ada seorang nelayan yang akan mengadakan pesta besar-besaran. Pesta itu untuk merayakan pernikahan putrinya. Mari, datanglah, ajak Raja Ayam. Raja Ikan Tongkol setuju, Tapi kami hanya bisa bertahan sampai sebelum fajar menyingsing. Beri tahu kami jika fajar akan datang, ya?', 'ayam-dan-ikan-tongkol-1.png', '2024-06-10 10:08:10', '2024-06-10 10:08:10'),
(102, 'Raja Ayam menyanggupi permintaan itu. Sehari-harinya, para ayam jantan memang bangun sebelum fajar menjelang untuk berkokok dan membangunkan semua makhluk. Seharusnya, tak sulit untuk menyanggupi permintaan Raja Ikan Tongkol. Malam pesta pun tiba. Air laut yang naik tinggi memudahkan para ikan tongkol menuju ke rumah nelayan. Di sana, mereka ikut berpesta meski hanya di kolong balai- balai rumah sang nelayan. Mereka menikmati suara gendang dan rebana yang dimainkan. Apalagi, suasana malam itu cerah. Bulan bersinar amat terang.', 'ayam-dan-ikan-tongkol-2.png', '2024-06-10 10:08:10', '2024-06-10 10:08:10'),
(103, 'Para ikan tongkol juga menikmati aneka pantun yang dibacakan oleh tamu- tamu si nelayan. Sesekali, mereka tertawa mendengar pantun yang lucu. Semakin malam, pesta terasa semakin meriah bagi mereka. Sampai akhirnya mereka semua kelelahan dan tertidur pulas. Ternyata, tak hanya para ikan tongkol yang kelelahan. Para ayam jantan juga terlelap. Mereka lupa berkokok. Hari semakin siang dan air laut pun mulai surut.', 'ayam-dan-ikan-tongkol-3.png', '2024-06-10 10:08:10', '2024-06-10 10:08:10'),
(104, 'Saat merasakan tubuhnya perih, para ikan tongkol terbangun. Betapa terkejutnya mereka saat mendapati hari sudah siang. Air laut sudah surut. Mereka tak bisa kembali ke laut dan hanya bisa menggelepar-gelepar. Raja Ayam terbangun karena mendengar keriuhan. Dia amat terkejut saat menyadari apa yang terjadi. Namun, semuanya sudah terlambat. Dia tak bisa berbuat apa-apa lagi. Raja Ikan Tongkol amat kecewa dengan kelalaian sahabatnya itu. Dia berteriak dari ujung karang sambil menggelepar- gelepar. Gara-gara kelalaianmu, kami semua menderita. Mulai hari ini, semua ikan tongkol memusuhi kalian. Kami akan memangsa kalian semua, terutama ayam jantan! Bahkan, bulu-bulu kalian pun akan kami makan! Sejak saat itu, para nelayan di Pulau Natuna selalu menggunakan bulu ayam jantan untuk menangkap ikan tongkol.', 'ayam-dan-ikan-tongkol-4.png', '2024-06-10 10:08:10', '2024-06-10 10:08:10'),
(105, 'Suatu hari, Kerajaan Kahuripan diserang wabah penyakit aneh. Penduduknya banyak yang meninggal. Raja Erlangga dan Patih Narottama pun kebingungan. Setelah diselidiki, penyakit aneh itu ternyata disebarkan oleh seorang wanita penyihir bernama Serat Asih alias Calon Arang.', 'calon-arang-1.png', '2024-06-10 10:10:42', '2024-06-10 10:10:42'),
(106, 'Raja Erlangga lalu menugaskan Patih Narottama untuk menangkap Calon Arang. Bersama pasukannya, Patih Narottama pun berangkat ke Desa Girah, tempat tinggal Calon Arang. Sayangnya, Calon Arang tak mudah dikalahkan. Bersama empat muridnya yang bernama Supila, Guritna, Datyeng, dan Pitrah, dia melawan Patih Narottama dan anak buahnya habis-habisan.', 'calon-arang-2.png', '2024-06-10 10:10:42', '2024-06-10 10:10:42'),
(107, 'Patih Narottama mengerahkan seluruh kemampuannya. Berkali- kali pedangnya berhasil menyabet Calon Arang, tetapi Calon Arang tak pernah terluka. Lama-kelamaan, Patih Narottama pun kelelahan. Dia menarik mundur pasukannya dan kembali ke istana. Wanita itu pasti punya rahasia. Kita harus mencari tahu agar bisa mengalahkannya, lapor Patih Narottama pada Raja Erlangga. Raja Erlangga berpikir sejenak. Beliau lalu teringat pada Empu Bharada, adik ipar Calon Arang. Barangkali dia bisa membantu kita. Empu Bharada bersedia membantu. Meski dia adalah adik ipar Calon Arang, tetapi dia tak pernah setuju dengan kelakuan kakak iparnya itu. Dia lalu mengutus Bahula, muridnya, untuk mencari tahu rahasia Calon Arang. Menurut Empu Bharada, semua rahasia Calon Arang tertulis di kitab pusakanya.', 'calon-arang-3.png', '2024-06-10 10:10:42', '2024-06-10 10:10:42'),
(108, 'Kau harus menikahi Ratna Manggali, putri dari Calon Arang. Jika kau sudah jadi menantunya, maka kau tak sulit melaksanakan tugas ini. Semua rahasia Calon Arang, ada di kitab pusakanya. Carilah kitab itu dan berikan padaku, pesan Empu Bharada pada Bahula. Tak sulit bagi Bahula untuk menikahi Ratna Manggali. Calon Arang suka melihat Bahula yang sopan dan tampan. Pesta pernikahan pun diselenggarakan. Sejak saat itu, Bahula tinggal di rumah Calon Arang.', 'calon-arang-4.png', '2024-06-10 10:10:42', '2024-06-10 10:10:42'),
(109, 'Suatu malam, Bahula mulai melaksanakan tugasnya. Setelah yakin keadaan aman, dia mengendap-endap memasuki kamar Calon Arang. Di sana, dia menemukan kotak kayu berwarna coklat. Ternyata benar, kitab pusaka Calon Arang ada di dalam kotak itu. Malam itu juga, Bahula meninggalkan rumah, dan menuju ke rumah Empu Bharada untuk menyerahkan kitab pusaka itu. Empu Bharada mempelajari isi kitab pusaka dengan teliti. Menurut kitab itu, Calon Arang hanya dapat dikalahkan dengan senjata keris Weling Putih. Itu kan keris milik Empu sendiri? tanya Bahula bingung. Empu Bharada mengangguk. Sekarang, dia bisa mengalahkan Calon Arang dengan mudah. Dia mengambil kerisnya dan menuju ke Desa Girah ditemani Bahula.', 'calon-arang-5.png', '2024-06-10 10:10:42', '2024-06-10 10:10:42'),
(110, 'Sesampai di Desa Girah, rupanya Calon Arang telah siap. Bahula, berani sekali kau menipuku dan putriku, rasakan pembalasanku! kata Calon Arang sambil menyerang Bahula. Namun, Empu Bharada menghadangnya. Mereka berdua bertarung dengan seru. Empu Bharada mengeluarkan kerisnya. Calon Arang terkejut. Dia amat ketakutan. Ampun Dimas, jangan kau bunuh aku dengan keris itu, teriaknya beriba. Empu Bharada menjawab, Kang Ayu, jika kau mau selamat, segera pulihkan keadaan rakyat seperti semula. Hancurkan segala penyakit yang sudah kau sebarkan pada mereka. Setelah itu, kau juga harus pergi jauh-jauh meninggalkan negeri ini. Calon Arang setuju. Sejak saat itu, segala penyakit yang menyerang rakyat Kerajaan Kahuripan lenyap. Rakyat kembali hidup berbahagia dan aman sentosa.', 'calon-arang-6.png', '2024-06-10 10:10:42', '2024-06-10 10:10:42'),
(111, 'Murtado adalah seorang pemuda yang tinggal di daerah Kemayoran. Sejak kecil, Murtado dididik dengan baik oleh ayahnya. Ayahnya juga mengajarkan ilmu bela diri padanya. Meski menguasai ilmu bela diri, Murtado tak pernah sekali pun menyalahgunakan kemampuannya itu. Pada masa itu, daerah Kemayoran adalah daerah yang tidak aman. Penguasa Belanda merajalela, merampasi hasil bumi milik penduduk sebagai pajak. Selain itu, ada juga kawanan perampok yang dipimpin oleh Warsa.', 'murtando-macan-1.png', '2024-06-10 10:12:32', '2024-06-10 10:12:32'),
(112, 'Ulah Warsa semakin hari semakin menjadi. Belanda jadi kewalahan. Belanda lalu meminta Bek Lihun, seorang pribumi yang menjadi kaki tangan mereka, untuk menghalau Warsa. Dibantu oleh Mandor Bacan, Bek Lihun berusaha menangkap Warsa. Namun, Warsa selalu lolos. Akhirnya Bek Lihun meminta tolong pada Murtado. Murtado, Belanda sudah menegurku berkali-kali. Aku dianggap tak mampu menjaga keamanan daerah kita ini. Gara-gara Warsa, penduduk kampung kita semakin miskin dan tak mampu membayar pajak. Kau mau kan membantuku? pinta Bek Lihun. Murtado berpikir sejenak. Dia bimbang, membantu Bek Lihun berarti membantu Belanda. Bek Lihun, aku mau membantumu mengusir Warsa dari sini. Tapi bukan untuk kepentingan Belanda. Aku hanya ingin melindungi penduduk kampung kita dari kekejian Warsa dan anak buahnya, kata Murtado. Terima kasih, Murtado. Aku tahu, hatimu pun tak tega melihat penderitaan teman-teman kita ini, jawab Bek Lihun.', 'murtando-macan-2.png', '2024-06-10 10:12:32', '2024-06-10 10:12:32'),
(113, 'Murtado mulai menyusun strategi. Bersama teman-temannya yang bernama Saomin dan Sarpin, dia pergi ke markas Warsa dan anak buahnya. Di sana, pertarungan tak terelakkan. Ternyata, Warsa juga memiliki ilmu bela diri yang hebat. Tak heran jika orang-orang takut padanya. HAHAHA... kau tak mungkin mengalahkanku! teriak Warsa sambil meloncat ke arah Murtado. Namun, Murtado tak kalah hebat. Dia melawan Warsa sekuat tenaga. Sementara itu, Saomin dan Sarpin membantunya melawan anak buah Warsa.', 'murtando-macan-3.png', '2024-06-10 10:12:32', '2024-06-10 10:12:32'),
(114, 'Akhirnya kemenangan berpihak pada Murtado. Warsa menyerah dan bersedia untuk meninggalkan Kemayoran. Sebelum kalian pergi, tunjukkan di mana kalian menyimpan hasil rampokan kalian! kata Murtado tegas. Murtado dan teman-temannya membawa hasil rampokan Warsa kembali ke Kemayoran. Mereka mengembalikannya pada pemiliknya masing-masing. Penduduk Kemayoran amat senang. Bek Lihun pun tak kalah senang. Dia bahkan melaporkan keberhasilan Murtado itu pada Belanda. Atas usul Bek Lihun, penguasa Belanda meminta Murtado untuk menjadi pemimpin daerah Kemayoran, menggantikan Bek Lihun. Maaf Tuan, tapi saya lebih senang menjadi rakyat biasa. Biarkan saya berjuang di jalan saya sendiri, tolak Murtado dengan halus.', 'murtando-macan-4.png', '2024-06-10 10:12:32', '2024-06-10 10:12:32'),
(115, 'Ya, Murtado tak mau menjadi kaki tangan Belanda. Dia merasa lebih baik hidup sebagai rakyat biasa dan membantu menjaga keamanan penduduk Kemayoran dengan caranya sendiri. Karena keberaniannya, penduduk Kemayoran dan penguasa Belanda pun menjulukinya Macan Kemayoran.', 'murtando-macan-5.png', '2024-06-10 10:12:32', '2024-06-10 10:12:32'),
(116, 'Suatu sore, si Pitung kembali melihat kelakuan anak buah Babah Liem yang sewenang-wenang. Babah Liem adalah salah satu tuan tanah di daerah tempat tinggalnya. Dia dan anak buahnya sering merampas harta rakyat dan menarik pajak tinggi. Sebagian hasil rampasan itu lalu diberikan pada pemerintah Belanda.', 'si-pitung-1.png', '2024-06-10 10:15:16', '2024-06-10 10:15:16'),
(117, 'Si Pitung bertekad untuk melawan anak buah Babah Liem. Dia lalu berguru pada Haji Naipin, seorang ulama yang juga pandai ilmu bela diri. Si Pitung cepat menguasai semua ilmu yang diajarkan oleh Haji Naipin. Pitung, gunakan ilmu yang kuberikan untuk membela orang-orang yang tertindas. Jangan sekali- kali kau gunakan ilmumu ini untuk menindas orang lain, pesan Haji Naipin. Sekarang, si Pitung sudah siap melawan anak buah Babah Liem. Dia menghentikan ulah mereka yang sedang merampas harta rakyat jelata. Heh, Anak Muda! Siapa kau? Beraninya menghentikan kami! tanya salah satu dari mereka. Kalian tak perlu tahu siapa aku! Yang jelas, aku akan menghentikan ulah kalian selamanya! Jawab si Pitung.', 'si-pitung-2.png', '2024-06-10 10:15:16', '2024-06-10 10:15:16'),
(118, 'Anak buah Babah Liem lalu menyerang si Pitung. Namun, si Pitung bisa mengalahkan mereka semua. Sejak saat itu, nama si Pitung terkenal di kalangan penduduk. Si Pitung lalu memutuskan untuk mengabdikan hidupnya pada rakyat jelata. Dia bertekad untuk mengambil kembali apa yang sudah dicuri oleh tuan tanah dan mengembalikannya pada rakyat. Dia lalu mengajak beberapa temannya untuk bergabung dengannya. Kelakuan si Pitung ini tentu tak disukai oleh para tuan tanah dan juga pemerintah Belanda. Mereka lalu mengeluarkan perintah untuk menangkap si Pitung. Namun, si Pitung amat cerdik. Dia selalu berpindah tempat sehingga pemerintah Belanda dan juga tuan tanah tidak bisa menangkapnya.', 'si-pitung-3.png', '2024-06-10 10:15:16', '2024-06-10 10:15:16'),
(119, 'Karena kesal, pemerintah Belanda akhirnya menggunakan cara yang licik. Mereka menangkap Pak Piun, ayah si Pitung, dan Haji Naipin. Salah satu pejabat pemerintah Belanda yang bernama Schout Heyne lalu mengumumkan, jika si Pitung tak menyerah, maka kedua orang itu akan dihukum. Si Pitung mendengar berita tentang penangkapan ayah dan gurunya itu. Dia lalu menghadap Schout Heyne dan menyerahkan diri. Dia tak mau ayah dan gurunya menderita.', 'si-pitung-4.png', '2024-06-10 10:15:16', '2024-06-10 10:15:16'),
(120, 'Pitung, kau telah meresahkan banyak orang dengan kelakuanmu itu. Untuk itu, kau harus dihukum tembak! kata Schout Heyne. Kau tidak keliru? Bukannya kau dan para tuan tanah itu yang meresahkan orang banyak? Aku tidak takut dengan ancamanmu! jawab si Pitung. Schout Heyne amat marah mendengar jawaban si Pitung. Dia lalu memerintahkan anak buahnya untuk mengikat tangan si Pitung. Dan, Schout Heyne benar-benar melaksanakan ancamannya. Si Pitung dihukum tembak. Hidup si Pitung berakhir di ujung peluru, tetapi kisah kepahlawanannya tetap dikenang. Si Pitung, si pahlawan rakyat jelata!', 'si-pitung-5.png', '2024-06-10 10:15:16', '2024-06-10 10:15:16'),
(121, 'Suatu pagi, Monyet masih tidur saat dia mendengar suara ribut di pepohonan sekitarnya. Aduh, dia lagi dia lagi! Berisik! omelnya saat melihat Tupai yang merontokkan kenari dari pohonnya. Tupai lalu mondar-mandir mengangkuti kenari- kenari itu pulang ke sarangnya, di sebuah pohon tua yang besar. Kau mengganggu tidurku saja! Pagi-pagi sudah berisik! teriaknya pada Tupai. Tupai hanya tersenyum, Kita harus rajin. Jika tidak, kita bisa kelaparan.', 'monyet-malas-1.png', '2024-06-10 11:53:43', '2024-06-10 11:53:43'),
(122, 'Karena merasa kesal, Monyet pun turun dari pohonnya. Kelaparan? Siapa bilang? Lihatlah diriku, tak perlu susah payah mencari makan, sahut Monyet sambil memungut sebutir mangga yang ditemukannya di atas tanah. Tupai mengangkat bahunya, Terserah kau saja. Monyet menyeringai. Baginya, tak perlu susah payah menyimpan makanan. Dia mudah menemukan buah- buahan yang jatuh di sekitar tempat tinggalnya. Keesokan harinya, lagi-lagi Tupai mengganggu tidurnya. Monyet pun marah. Aduh, aku kan masih mau tidur. Kenapa kau berisik terus? Bukankah kemarin kau sudah mengumpulkan banyak kenari? Kau mengganggu istirahatku! teriaknya. Tupai ketakutan. Maafkan aku, tapi aku harus membawa kenari- kenari ini pulang. Aku harus punya persediaan makanan.', 'monyet-malas-2.png', '2024-06-10 11:53:43', '2024-06-10 11:53:43'),
(123, 'Monyet bertambah kesal. Dia lalu menunjuk buah-buahan yang tergeletak di tanah. Kau tak perlu punya persediaan makanan. Bukankah banyak buah-buahan yang terjatuh di tanah? Kita bisa memakannya kapan saja. Tak perlu susah payah mencari. Tupai hanya diam. Dia lalu meninggalkan Monyet yang masih saja terus mengomel. Meski demikian, Tupai tetap rajin mengumpulkan kenari.', 'monyet-malas-3.png', '2024-06-10 11:53:43', '2024-06-10 11:53:43'),
(124, 'Hari berganti hari, musim kemarau telah tiba. Pohon- pohon meranggas, daun-daun pun kering. Tak ada buah yang bisa dipetik, apalagi jatuh ke tanah. Tidak hanya itu, air sungai juga surut. Tanah-tanah di sekitarnya meretak, tak bisa ditanami. Saat Monyet lapar, dia kebingungan. Dia berjalan kesana kemari, tapi tak menemukan buah-buahan. Monyet pun lemas dan duduk di bawah pohon. Saat itulah, dia melihat Tupai asyik makan kenari di rumahnya, sebuah lubang besar di pohon tua.', 'monyet-malas-4.png', '2024-06-10 11:53:43', '2024-06-10 11:53:43'),
(125, 'Sambil menelan air liur, Monyet berkata pada dirinya sendiri, Ternyata Tupai benar. Karena dia rajin, dia jadi punya persediaan makanan di musim kemarau. Sedangkan aku? Aku terlalu malas sehingga aku tak punya makanan sedikit pun. Rasanya, Monyet ingin naik ke rumah Tupai dan meminta sedikit kenari. Namun, Monyet malu. Dia masih ingat saat dia memarahi Tupai karena telah mengganggu tidurnya. Untunglah, Tupai melihatnya. Tupai lalu memanggil Monyet untuk naik dan makan kenari bersamanya. Sejak saat itu, Monyet berjanji pada dirinya sendiri bahwa dia tak akan bermalas-malasan lagi!\r\n', 'monyet-malas-5.png', '2024-06-10 11:53:43', '2024-06-10 11:53:43'),
(126, 'Jauh di sudut terpencil Tanah Gayo, hiduplah sebuah keluarga yang amat miskin. Untuk makan sehari-hari, Ayah berburu ke dalam hutan. Namun, dia sering pulang dengan tangan kosong. Jika sudah begitu, dia akan menangkap belalang untuk dimasak. Dia menyimpan belalang-belalang itu di dalam lumbung padi. Suatu hari, Ayah hendak berburu lagi. Dia berpesan pada istrinya untuk memastikan pintu lumbung selalu tertutup.', 'atu-belah-1.png', '2024-06-10 11:56:13', '2024-06-10 11:56:13'),
(127, 'Hari menjelang siang. Ayah tak kunjung datang. Kedua anaknya mulai merengek karena lapar. Ibu tak tega melihat anak-anaknya kelaparan. Ambillah beberapa belalang. Jangan lupa, tutup kembali pintunya, perintahnya pada Sulung. Saat membuka pintu lumbung, si Sulung langsung menangkapi belalang-belalang itu. Sayang, dia lupa menutup pintu lumbung. Dalam sekejap, belalang-belalang itu terbang ke luar lumbung. Sulung amat menyesal. Dia telah melupakan pesan ibunya. Dengan langkah gontai, dia pulang. Maafkan aku, Bu. Aku lupa menutup pintu lumbung. Semua belalang telah terbang, lapornya pada ibunya. Ibu hanya bisa menghela napas. Dia berharap, suaminya pulang membawa hasil buruan.', 'atu-belah-2.png', '2024-06-10 11:56:13', '2024-06-10 11:56:13'),
(128, 'Ternyata, harapannya tak terkabul. Suaminya pulang dengan tangan kosong, wajahnya tampak lelah. Dia segera menyuruh istrinya menggoreng belalang untuk makan. Belalangnya kabur semua. Aku lupa menutup pintu lumbung, Ibu menutupi kesalahan anaknya. Mendengar hal itu, suaminya terduduk lemas. Merasa iba dengan suaminya yang lelah karena seharian berburu, Ibu meminta izin untuk keluar mencari ikan atau burung yang bisa dijadikan lauk.', 'atu-belah-3.png', '2024-06-10 11:56:13', '2024-06-10 11:56:13'),
(129, 'Malang, Ibu tak menemukan apa pun. Tak ada burung, juga tak ada ikan. Karena kelelahan, dia pun duduk di sebuah batu besar yang dikenal dengan nama Atu Belah. Ibu mulai menangis, menyesali keadaannya. Air matanya bercucuran. Dia tak tahu, Atu Belah bisa terbelah dua dan menelan siapa pun yang mendekatinya dalam keadaan sedih.', 'atu-belah-4.png', '2024-06-10 11:56:13', '2024-06-10 11:56:13'),
(130, 'Tiba-tiba, kraakk... batu itu terbelah menjadi dua, dan Ibu tertelan oleh Atu Belah. Istriku, jangan tinggalkan kami! Tiba-tiba terdengar teriakan sang Ayah yang ternyata mengikutinya bersama anak-anaknya. Ayah mengkhawatirkan istrinya yang pergi sendirian. Namun terlambat, istrinya sudah terlanjur ditelan oleh Atu Belah. Sulung menangis, lalu menceritakan yang sebenarnya pada ayahnya. Sudahlah, semua sudah telanjur, sahut ayahnya. Setelah Ayah menyelesaikan perkataannya, tiba-tiba muncullah beberapa helai rambut istrinya dari dalam batu. Sulung segera memetik tujuh helai rambut dan menyimpannya sebagai kenangan akan ibunya.', 'atu-belah-5.png', '2024-06-10 11:56:13', '2024-06-10 11:56:13'),
(131, 'Suatu hari, Raja Negeri Alas tampak bersedih. Ada apa, Kanda? tanya Ratu. Ternyata, Raja bersedih karena mereka belum dikaruniai anak yang akan meneruskan takhta kerajaan. Sebaiknya kita terus berusaha dan berdoa. Tuhan akan mengabulkan doa kita, saran Ratu dengan bijaksana. Ternyata benar. Tak lama kemudian, Ratu hamil dan melahirkan seorang bayi lelaki yang amat tampan. Bayi itu diberi nama Pangeran Amat Mude. Untuk merayakan kelahiran putranya, Raja menggelar pesta besar. Tak hanya rakyat yang diundang, tetapi juga seluruh binatang dan makhluk yang ada di negeri itu.', 'pangeran-mude-1.png', '2024-06-10 11:58:07', '2024-06-10 11:58:07'),
(132, 'Saat Pangeran Amat Mude berusia sepuluh tahun, Raja mangkat. Karena Pangeran masih amat kecil, Ratu menunjuk adik raja untuk menjadi raja sementara. Namun, raja yang baru ini tidak disukai rakyat karena kekejamannya. Dia bahkan menyuruh para pengawal untuk membuang Ratu dan Pangeran ke dalam hutan. Dia ingin menguasai kerajaan selamanya.', 'pangeran-mude-2.png', '2024-06-10 11:58:07', '2024-06-10 11:58:07'),
(133, 'Di hutan, Ratu dan Pangeran Amat Mude tinggal di rumah kayu yang sederhana di tepi sungai. Suatu hari, Pangeran Amat Mude berburu ikan untuk makan malam. Ketika sedang memotong-motong ikan, Ratu menemukan sebutir emas di setiap perut ikan. Ratu dan Pangeran amat bersyukur. Tuhan telah membantu mereka. Sekarang, mereka tak lagi hidup kekurangan. Mereka bahkan bisa bersedekah pada orang-orang miskin di sekitar mereka.', 'pangeran-mude-3.png', '2024-06-10 11:58:07', '2024-06-10 11:58:07'),
(134, 'Kekayaan dan kedermawanan Pangeran Amat Mude terdengar sampai ke telinga pamannya, yang lalu mengundangnya untuk datang ke istana. Kau boleh menjadi raja, tetapi kau harus membawakanku sebutir kelapa gading dari pulau kecil di tengah laut. Jika kau gagal, maka takhta kerajaan ini menjadi milikku selamanya, tantang sang paman. Dalam hati, pamannya tertawa. Kau tak mungkin selamat. Laut itu dijaga oleh tiga binatang buas yang akan segera memangsamu!', 'pangeran-mude-4.png', '2024-06-10 11:58:07', '2024-06-10 11:58:07'),
(135, 'Pangeran Amat Mude setuju dan segera berangkat. Tibalah dia di tengah lautan, lalu muncullah seekor ikan besar yang didampingi seekor buaya dan seekor naga. Hei, Anak Muda! Beraninya kau melewati wilayah kami tanpa izin! Siapa kau dan hendak ke mana? tanya Ikan dengan garang. Dengan gemetar, Pangeran Amat Mude menjelaskan siapa dirinya dan apa tujuannya. Kau Amat Mude sang putra raja Negeri Alas? Buaya dan Naga bertanya serempak. B... b... benar.. dari mana kalian tahu? tanya Pangeran Amat Mude. Mereka tertawa. Ayahmu adalah sahabat kami. Kami dulu diundang ke pesta kelahiranmu. Tak kusangka, kau sekarang sudah dewasa.', 'pangeran-mude-5.png', '2024-06-10 11:58:07', '2024-06-10 11:58:07'),
(136, 'Ikan, Buaya, dan Naga pun geram mendengar kesewenang-wenangan paman Pangeran Amat Mude. Mereka lalu bertekad untuk membantu Pangeran Amat Mude. Dengan sigap, Naga terbang ke pucuk pohon kelapa untuk memetik sebutir kelapa gading dan menyerahkannya pada Pangeran Amat Mude. Terima kasih, kalian sungguh baik, ucap Pangeran Amat Mude berkali-kali. Setibanya di istana, Pangeran Amat Mude menyerahkan kelapa gading itu pada pamannya. Sang paman sadar bahwa sudah saatnya Pangeran Amat Mude menjadi raja. Sejak saat itu, Negeri Alas dipimpin oleh Raja Amat Mude. Maka, sang paman memilih keluar dari istana dan hidup sebagai rakyat biasa, meski Amat Mude mengizinkannya untuk terus tinggal di istana.', 'pangeran-mude-6.png', '2024-06-10 11:58:07', '2024-06-10 11:58:07'),
(137, 'Di sebuah hutan yang rimbun, ada sekelompok burung parkit yang dipimpin oleh seorang raja. Kehidupan mereka amatlah tenang. Mereka bisa terbang bebas dan mencari buah-buahan yang banyak tersedia di dalam hutan. Namun, ketenangan mereka akhirnya terganggu. Ada seorang pemburu yang masuk ke hutan. Dia memasang perangkap besar untuk menangkap burung-burung parkit itu. Di dalam perangkap itu terdapat aneka buah-buahan yang menggugah selera.', 'raja-parkit-1.png', '2024-06-10 11:59:44', '2024-06-10 11:59:44'),
(138, 'Malang bagi para parkit, mereka terjebak di dalam perangkap. Mereka mulai gelisah dan ketakutan. Namun, Raja Parkit menenangkan mereka. Sebenarnya, pemburu ini bisa saja menangkap kita dengan cara melukai kita. Namun, dia tak melakukannya. Dia pasti ingin menangkap kita dalam keadaan hidup, kata Raja Parkit mencoba berpikir. Ah, aku punya akal. Ayo kita semua berpura-pura mati. Dia pasti akan kecewa dan melepaskan kita, usulnya kemudian. Burung-burung parkit pun setuju. Mereka lalu berpura-pura mati sampai pemburu itu datang. Alangkah kecewanya pemburu itu melihat burung tangkapannya mati semua. Pemburu itu lalu membuka perangkapnya. Dia hendak memastikan apakah benar burung-burung itu mati. Namun, begitu perangkap terbuka, burung-burung itu segera terbang melarikan diri. Malang bagi Raja Parkit, dia tertinggal di dalam perangkap.', 'raja-parkit-2.png', '2024-06-10 11:59:44', '2024-06-10 11:59:44'),
(139, 'Rupanya kalian membohongiku! seru Pemburu marah. Raja Parkit lalu memohon agar Pemburu tak mencelakai teman-temannya. Dia bersedia dipelihara oleh si Pemburu dan bernyanyi setiap hari. Si pemburu pun setuju. Dia membawa pulang Raja Parkit dan mengikat kakinya dengan tali yang cukup panjang pada sebilah kayu. Raja Parkit masih bisa bebas beterbangan, tetapi tak bisa melarikan diri. Tiap hari, Raja Parkit menghibur si pemburu dengan bernyanyi.', 'raja-parkit-3.png', '2024-06-10 11:59:44', '2024-06-10 11:59:44'),
(140, 'Suara Raja Parkit yang merdu pun terdengar ke telinga Raja. Raja lalu meminta si pemburu untuk menyerahkan Raja Parkit. Sebagai imbalan, Raja memberikan sekantong uang emas. Sekarang, Raja Parkit tinggal di istana. Dia diletakkan di sebuah sangkar emas yang indah. Namun, Raja Parkit tak bahagia. Sangkar itu begitu sempit. Dia juga merindukan teman-temannya. Akhirnya, Raja Parkit jatuh sakit. Suara merdunya tak lagi terdengar. Raja amat kecewa. Dia sudah tua, sudah tak berguna lagi, gerutu Raja, lalu dia membebaskan Raja Parkit. Raja Parkit terbang ke pucuk pohon yang paling tinggi. Dia lalu bernyanyi dengan keras. Teman-temannya mendengar dan segera menjemputnya. Sekarang Raja Parkit sudah sembuh. Hidup bebas dan berkumpul bersama teman adalah hal yang paling membahagiakan baginya.', 'raja-parkit-4.png', '2024-06-10 11:59:44', '2024-06-10 11:59:44'),
(141, 'Dahulu kala, ada seorang pemuda yang bekerja sebagai penangkap ikan. Hanya itulah yang bisa dia lakukan untuk mencari nafkah. Hasilnya tak banyak sehingga pemuda itu hidup sederhana. Suatu hari, pemuda itu tak berhasil menangkap satu ikan pun. Saat dia bersiap untuk pulang, tiba-tiba seekor ikan besar berwarna keemasan muncul di permukaan sungai. Dengan sigap,pemuda itu menangkapnya. Paling tidak, aku punya lauk untuk makan malam, batinnya riang.', 'danau-toba-1.png', '2024-06-10 12:01:21', '2024-06-10 12:01:21'),
(142, 'Sesampai di rumah, pemuda itu hendak memasak ikan tangkapannya. Namun, ikan itu menatapnya dengan tatapan sedih. Pemuda itu jadi tak tega. Dia lalu memelihara ikan itu dalam sebuah tempayan.Keesokan harinya, pemuda itu pergi lagi untuk menangkap ikan. Lagi-lagi, dia tak mendapat ikan. Dengan lesu, dia pulang. Namun, betapa terkejutnya dia saat melihat banyak hidangan lezat di rumahnya.  Karena lapar, pemuda itu tak berpikir panjang.Dia melahap semua hidangan itu sampai habis.', 'danau-toba-2.png', '2024-06-10 12:01:21', '2024-06-10 12:01:21'),
(143, 'Sejak saat itu, setiap hari selalu tersedia hidangan lezat di rumah si pemuda. Hal ini membuat si pemuda penasaran. Dia memutuskan untuk mengintip siapa yang menyediakan semua itu untuknya. Saat mengintip itulah, dia melihat seorang gadis cantik sedang memasak. Dalam sekejap, dia pun jatuh cinta pada gadis itu. Pemuda itu melompati jendela dapur dan melongok tempayannya yang berisi ikan. Apakah kau ikan yang kupelihara? tanyanya. Gadis itu terkejut, tak menyangka kalau pemuda itu memergokinya. Eh... benar. Aku adalah jelmaan ikan. Akulah yang menyediakan makanan untukmu. Si pemuda lalu meminta gadis itu untuk menjadi istrinya. Aku mau, tapi kau harus menjaga rahasiaku. Jangan bilang pada siapapun bahwa aku adalah seekor ikan. Bahkan pada anak kita nanti, sahut gadis itu. Si pemuda setuju, lalu mereka menikah dan dikaruniai seorang anak lelaki.', 'danau-toba-3.png', '2024-06-10 12:01:21', '2024-06-10 12:01:21'),
(144, 'Anehnya, anak lelaki mereka suka sekali makan. Sebanyak apa pun yang dilahapnya, dia masih merasa lapar. Suatu hari, sang ibu menyuruh anak lelakinya mengantar makan siang untuk ayahnya yang sedang bekerja di sawah. Namun dalam perjalanan, dia merasa sangat lapar dan menghabiskan makan siang ayahnya.', 'danau-toba-4.png', '2024-06-10 12:01:21', '2024-06-10 12:01:21'),
(145, 'Melihat makan siangnya habis, ayahnya amat kecewa. Kenapa makannya banyak sekali? Apa karena dia anak seekor ikan? gumamnya. Si anak terkejut mendengar gumaman ayahnya. Dia menangis dan melapor pada ibunya. Kata Ayah, Ibu adalah seekor ikan. Benarkah, Bu? Sang ibu sedih karena suaminya mengingkari janjinya. Saat suaminya pulang, dia pun berpamitan, Kau telah mengingkari janjimu, maka aku akan kembali ke alamku bersama anakku. Dia lalu mengajak anaknya keluar dari rumah dan berdiri di tanah lapang. Hujan perlahan turun, makin lama makin deras, dan tepat saat petir menyambar, keduanya menghilang. Setelah hujan reda, dari tempat ibu dan anak tadi berdiri, muncullah mata air yang cukup deras. Airnya terus mengalir hingga membentuk danau yang luas. Danau itulah yang sampai sekarang disebut dengan Danau Toba.', 'danau-toba-5.png', '2024-06-10 12:01:21', '2024-06-10 12:01:21'),
(146, 'Alkisah, ada seorang putri yang amat cantik. Sayangnya, dia sering mengucapkan kata-kata buruk. Walau Raja dan Ratu kerap menegurnya, sang Putri tetap tak berubah. Jika ada kejadian yang tidak menyenangkan hatinya, dengan mudahnya dia berkata buruk. Lebih baik jadi orang buta daripada harus memandangi wajahmu yang cemberut terus, katanya suatu hari pada dayang istana. Mendengar ucapan putrinya, Ratu jadi khawatir. Bagaimana jika kau benar-benar buta nanti? tanya Ratu cemas. Putri tak peduli. Dari hari ke hari, Putri semakin sering berkata buruk.', 'putri-ular-1.png', '2024-06-10 12:03:04', '2024-06-10 12:03:04'),
(147, 'Suatu hari, datanglah raja muda dari negeri seberang. Dia hendak melamar Putri untuk dijadikan permaisuri. Tentu saja Putri senang, apalagi raja muda itu juga tampan. Pesta pernikahan akan dilaksanakan bulan depan.', 'putri-ular-2.png', '2024-06-10 12:03:04', '2024-06-10 12:03:04'),
(148, 'Putri ingin tampil cantik pada hari pernikahannya. Untuk itu, dia rajin merawat diri. Tiap hari, dia mandi di danau kecil di belakang istana. Air mandinya dicampur dengan aneka bunga. Dengan dibantu dayang-dayangnya, Putri bisa mandi tiga kali dalam sehari. Suatu sore, seperti biasa Putri mulai mandi. Tiba-tiba, ada seekor burung melintas cepat di atas kepalanya. Karena terkejut, Putri berteriak sambil mendongak. Tak dinyana, burung itu malah mematuk hidungnya. Putri tak sempat menghindar. Darah pun berceceran dari hidungnya. Aduhh... hidungku! teriak Putri. Sambil memegang hidungnya yang berdarah, Putri menangis dan kembali ke kamarnya.', 'putri-ular-3.png', '2024-06-10 12:03:04', '2024-06-10 12:03:04'),
(149, 'Putri tersedu-sedu. Dia merasa kecewa karena tak bisa menjaga kecantikannya. Mana mau raja muda itu menikahi wanita berhidung buruk begini? isaknya. Ratu tersenyum mendengar ucapan Putri. Jangan khawatir. Jika sang raja muda memang mencintaimu, luka kecil ini pasti tak jadi masalah, kata Ratu. Luka kecil? Ini bukan luka kecil, Bu! Luka ini pasti membekas dan berwarna hitam! teriak Putri dengan marah. Setelah terdiam sejenak, tiba-tiba Putri berkata, Barangkali lebih enak menjadi ular. Kulitnya tebal dan bersisik. Luka sedikit pasti tak akan kelihatan. Sebelum Ratu sempat menjawab, tiba-tiba langit bergemuruh. Ratu dan Putri ketakutan. Mereka saling berpelukan.', 'putri-ular-4.png', '2024-06-10 12:03:04', '2024-06-10 12:03:04'),
(150, 'Anakku, apa yang terjadi padamu! teriak Ratu panik. Ternyata, Putri berubah menjadi ular besar dengan kulit kasar dan bersisik, persis seperti yang diharapkan oleh Putri. Ratu menangis. Dia menyesali perkataan putrinya yang diucapkan secara sembrono. Anakku, bukankah sudah berulang kali Ibu mengingatkanmu agar menjaga ucapanmu? isaknya sedih. Ular itu tak bisa menjawab. Dia hanya menggeleng- gelengkan kepalanya sambil mendesis. Namun, sang ular menitikkan air mata, tanda bahwa dia amat menyesal. Raja yang mengetahui kejadian ini juga tak mampu berbuat apa-apa. Akhirnya, Putri yang telah menjadi ular itu tinggal di halaman belakang istana. Dia lebih senang tinggal di alam bebas. Sekarang, semua orang memanggilnya Putri Ular.', 'putri-ular-5.png', '2024-06-10 12:03:04', '2024-06-10 12:03:04');
INSERT INTO `story_details` (`id`, `story`, `thumbnail`, `created_at`, `updated_at`) VALUES
(151, 'Dayang Bandir dan Sandean Raja adalah kakak beradik dari Kerajaan Timur. Di usia mereka yang masih amat muda, mereka telah menjadi anak yatim piatu karena Raja wafat, sedangkan ibu mereka telah meninggal saat melahirkan Sandean Raja. Dengan meninggalnya Raja, maka harus dipilih raja yang baru. Karena Sandean Raja masih kecil, takhta kerajaan dipegang oleh Paman Kareang untuk sementara. Sayangnya, Paman Kareang berniat untuk menguasai kerajaan selamanya. Dayang Bandir mengetahui niat buruk pamannya. Karena itu, dia menyembunyikan pusaka kerajaan milik ayahnya. Dia tak mau pamannya merebut pusaka itu. Hanya adikku yang berhak atas pusaka ini, katanya. Paman Kareang mengetahui bahwa Dayang Bandir menyembunyikan pusaka itu. Dia memaksa keponakannya itu untuk menyerahkan pusaka kepadanya. Jika kau tak mau, maka kau akan kuhukum, ancamnya. Namun, Dayang Bandir bergeming.', 'kisah-dayang-bandir-1.png', '2024-06-10 12:05:38', '2024-06-10 12:05:38'),
(152, 'Sejak saat itu, Paman Sareang selalu marah-marah kepadanya. Dayang Bandir jadi tak betah berada di istana. Dia sering pergi meninggalkan istana dan baru pulang saat sore menjelang. Suatu hari, Dayang Bandir tak pulang. Sandean Raja amat cemas dan melapor pada Paman Sareang, yang lalu meminta pengawalnya untuk mencari Dayang Bandir. Ternyata, para pengawal menemukan Dayang Bandir telah meninggal karena digigit ular berbisa di dalam hutan. Sandean Raja amat sedih, sedangkan Paman Sareang diam-diam merasa senang. Itu artinya dia bisa bebas mencari pusaka kerajaan yang selama ini disembunyikan dan dijaga oleh Dayang Bandir.', 'kisah-dayang-bandir-2.png', '2024-06-10 12:05:38', '2024-06-10 12:05:38'),
(153, 'Setelah menemukan pusaka kerajaan, Paman Sareang semakin pongah. Saat Sandean Raja sudah dewasa, Paman Sareang tak mau menyerahkan takhta padanya. Akhirnya, Sandean Raja memilih untuk pergi meninggalkan istana. Dalam perjalanan, Sandean Raja mendengar bisikan suara kakaknya, Dayang Bandir. Pergilah ke Kerajaan Barat, temui Raja Sorma. Dia adalah kakak dari ibu kita. Dia tak culas seperti Paman Sareang.', 'kisah-dayang-bandir-3.png', '2024-06-10 12:05:38', '2024-06-10 12:05:38'),
(154, 'Raja Sorma terkejut melihat kedatangan Sandean Raja. Dia bahkan tak percaya bahwa Sandean Raja benar-benar keponakannya. Bukankah kedua keponakanku telah tewas digigit ular berbisa? ucapnya ragu. Begini saja. Semua keturunan keluarga kami, punya kemampuan untuk melakukan hal- hal luar biasa. Jika kau benar-benar Sandean Raja, maka turutilah perintahku, kata Raja Sorma lagi.', 'kisah-dayang-bandir-4.png', '2024-06-10 12:05:38', '2024-06-10 12:05:38'),
(155, 'Raja Sorma lalu meminta Sandean Raja untuk memindahkan sebatang pohon dari hutan ke istana. Sandean Raja berhasil melakukannya dengan mudah. Tak puas, kali ini Raja Sorma memintanya untuk menebas hutan untuk dijadikan ladang. Lagi-lagi Sandean Raja bisa melakukannya dengan mudah. Raja Sorma penasaran. Dia lalu menyuruh Sandean Raja membangun istana megah dalam waktu tiga hari. Tak disangka, Sandean Raja mampu memenuhinya.', 'kisah-dayang-bandir-5.png', '2024-06-10 12:05:38', '2024-06-10 12:05:38'),
(156, 'Raja Sorma mulai percaya. Namun, ada ujian akhir yang harus diberikan pada Sandean Raja. Di sebuah ruang gelap gulita yang berisi puluhan orang gadis, dia harus menunjuk putri Raja Sorma. Sandean Raja jadi cemas. Namun, didengarnya lagi suara bisikan Dayang Bandir. Masuklah, aku akan membantumu. Ternyata benar, Sandean Raja berhasil menunjuk putri Raja Sorma. Sekarang Raja Sorma percaya. Beliau lalu memutuskan untuk membantu Sandean Raja dengan berbicara pada Paman Sareang mengenai takhta Kerajaan Timur. Akhirnya, Paman Sareang mengakui kesalahannya dan menyerahkan takhta pada Sandean Raja.', 'kisah-dayang-bandir-6.png', '2024-06-10 12:05:38', '2024-06-10 12:05:38'),
(157, 'Alkisah di Sumatera Barat, hiduplah seorang Janda beserta anak laki-lakinya yang bernama Malin Kundang. Meski hidup mereka berkekurangan, sang ibu selalu berusaha keras memberikan kehidupan yang baik bagi Malin. Ketika Malin dewasa, dia pergi merantau bersama seorang saudagar demi mencari kehidupan yang lebih baik. Malin akan pulang setelah berhasil. Malin akan menjemput Ibu. Doakan Malin, ya.', 'malin-kundang-1.png', '2024-06-10 12:08:07', '2024-06-10 12:08:07'),
(158, 'Bertahun-tahun kemudian, Malin Kundang menjadi pedagang yang berhasil. Dia berdagang dengan jujur dan menjadi terkenal karenanya. Dia juga sudah menikah dengan putri seorang kepala kampung. Sayangnya, Malin lupa kepada janjinya untuk menjemput ibunya. Malah, dia berbohong kepada istrinya dan mengatakan bahwa ayah ibunya sudah tiada.', 'malin-kundang-2.png', '2024-06-10 12:08:07', '2024-06-10 12:08:07'),
(159, 'Suatu hari, Malin dan istrinya pergi berlayar. Karena cuaca di laut yang amat buruk, nakhkoda memutuskan untuk berhenti di pulau terdekat. Ketika kapal merapat, Malin terhenyak. Bukankah ini kampung halamanku? bisiknya cemas. Malin ingin memerintahkan nakhoda untuk berbalik arah, tetapi sudah terlambat. Suamiku... lihat! Kapal nelayan itu sedang membongkar ikan. Aku ingin sekali makan ikan segar. Ayo kita turun dan membeli ikan! ajak istri Malin. Malin berusaha menolak, tetapi istrinya tak peduli.', 'malin-kundang-3.png', '2024-06-10 12:08:07', '2024-06-10 12:08:07'),
(160, 'Minggir... minggir... Saudagar Malin hendak lewat, teriak anak buah Malin. Tak jauh dari situ, ibu Malin yang kebetulan sedang membantu para nelayan terkesiap. MALIN? Apakah aku tidak salah dengar? Dia lalu mendekat dan melihat. Benar, itu Malin, anaknya yang telah lama pergi. MALIN... MALIN KUNDANG anakku! teriaknya sambil memeluk Malin erat-erat. Malin cepat-cepat melepaskan diri dari pelukan ibunya. Hei, kau wanita tua, siapa kau hingga berani memanggilku sebagai anakmu? teriak Malin lantang. Ibu Malin terkesiap mendengar ucapan Malin.', 'malin-kundang-4.png', '2024-06-10 12:08:07', '2024-06-10 12:08:07'),
(161, 'Istri Malin berusaha menengahi keadaan. Wahai Ibu, apakah Ibu bisa membuktikan bahwa Malin benar-benar anak Ibu? tanyanya dengan santun. Ibu Malin lalu berkata bahwa ada bekas luka di tangan Malin. Itu adalah luka yang didapat Malin saat kecil gara- gara dipatuk ayam milik tetangganya. Istri Malin teringat, memang ada bekas luka di tangan suaminya. Suamiku, mengapa kau mengingkari ibumu sendiri? tanyanya dengan sedih. Malin tak peduli. Dia tetap tak mengakui ibunya dan mengajak istrinya untuk meninggalkan tempat itu. Ibu Malin terus meratap, dan tepat pada saat itu, hujan turun deras sekali. Petir menggelegar dan angin bertiup kencang. Tiba-tiba, duarrr... petir menyambar tepat di kaki Malin. Kaki Malin mendadak kaku dan keras seperti batu. Malin amat ketakutan. Dia sadar bahwa dia telah berdosa pada ibunya. Ibu, ampuni aku. Tolong selamatkan aku, teriaknya. Ibu Malin berusaha menolong, tetapi terlambat. Tubuh Malin mengeras menjadi batu. Konon, batu yang menyerupai bentuk Malin Kundang masih dapat ditemui di sebuah pantai bernama Aia Manih, di sebelah selatan Kota Padang, Sumatera Barat.', 'malin-kundang-5.png', '2024-06-10 12:08:07', '2024-06-10 12:08:07'),
(162, 'Lebai adalah seorang guru yang lugu dan baik hatinya. Namun sayang, dia suka bimbang. Dia selalu bimbang apakah harus begini atau begitu. Dia bahkan tak bisa memutuskan apa yang akan dimakannya hari ini. Akibat kebimbangannya, Si Lebai sering kali gagal mencapai tujuannya. Namun, Lebai tak berubah. Dia tetap saja menjadi orang yang suka bimbang. Suatu hari, Lebai mendapat dua undangan pesta pernikahan. Yang satu dari kerabat jauhnya di hulu sungai, dan yang satunya lagi dari muridnya di hilir sungai. Keduanya diadakan pada hari dan jam yang sama. Si Lebai pun jadi bimbang, pesta pernikahan siapa yang harus dia datangi.', 'si-lebai-1.png', '2024-06-10 12:09:38', '2024-06-10 12:09:38'),
(163, 'Sampai tiba harinya, Lebai masih tak bisa memutuskan. Setelah berpikir terus-menerus, akhirnya dia memutuskan untuk mendatangi kedua pesta tersebut. Dia tak mau rugi, karena tuan rumah pertama menjanjikan kepala sapi untuknya, dan tuan rumah kedua menjanjikan dua kepala kambing. Si Lebai bersiap mendayung perahunya. Aku ke hilir dulu atau ke hulu dulu, ya? Dia mulai bimbang. Akhirnya, dia memutuskan untuk ke hilir. Kerabatku di hulu itu masakannya kurang enak. Sebaiknya aku ke hilir dulu karena ibu muridku kan pandai memasak. Si Lebai mulai mendayung perahunya ke arah hilir. Di tengah perjalanan, Lebai bertemu dengan teman-temannya. Mereka baru saja pulang dari hilir. Mereka mengabarkan bahwa tamu di hilir amat banyak sehingga mereka harus berdesak- desakan saat mengambil makanan.', 'si-lebai-2.png', '2024-06-10 12:09:38', '2024-06-10 12:09:38'),
(164, 'Sepeninggal teman-temannya, Lebai mulai bimbang. Jika ke hilir, bisa jadi makanannya sudah habis. Padahal, perutnya sudah mulai keroncongan. Ya sudah, aku ke hulu saja. Dia lalu memutar arah perahunya. Namun, si Lebai tetaplah bimbang. Selalu ada yang membuatnya ragu untuk meneruskan perjalanannya. Akhirnya, seharian itu dia menghabiskan waktu hanya untuk mondar-mandir di sungai saja. Dia tak juga bisa memutuskan hendak ke hulu atau ke hilir. Dengan sisa tenaganya, Lebai memutuskan untuk pergi ke hilir. Namun, ternyata pesta telah usai. Semua makanan sudah habis. Lemaslah tubuh si Lebai. Saat berpamitan, dia mengingatkan janji muridnya untuk memberi kepala sapi kepadanya.', 'si-lebai-3.png', '2024-06-10 12:09:38', '2024-06-10 12:09:38'),
(165, 'Maafkan aku, Guru. Aku kira Guru tak akan datang, jadi kepala sapinya sudah kuberikan kepada orang lain, kata muridnya. Dengan gontai, Lebai pun meninggalkan hilir. Sekarang Lebai mendayung ke hulu. Namun, sama dengan pesta di hilir, semua makanan juga telah habis. Pesta telah usai dan semua tamu undangan sudah pulang. Kerabatnya menyambut Lebai dan meminta maaf, Maafkan kami, Lebai. Kukira kau tak datang. Kami juga sudah memberikan kepala kambingnya pada orang lain. Sekarang, si Lebai benar-benar lemas. Begitulah si Lebai. Akibat sikapnya yang mudah bimbang, dia tak mendapatkan apa-apa.', 'si-lebai-4.png', '2024-06-10 12:09:38', '2024-06-10 12:09:38'),
(166, 'Puti Juilan adalah cucu dari Tuanku Raja Kecik, raja di Kerajaan Pagaruyung. Parasnya amat cantik, tingkah lakunya pun sopan dan lembut. Begitu cantiknya dia hingga tak ada pemuda yang berani melamarnya, apalagi Puti Juilan adalah keturunan bangsawan. Semakin lama, usia Puti Juilan semakin bertambah. Kakeknya mulai gelisah karena cucunya tak kunjung menikah. Beliau lalu berunding dengan orangtua Puti Juilan, dan mereka sepakat untuk mencarikan jodoh bagi Puti Juilan.', 'siamang-putih-1.png', '2024-06-10 12:11:19', '2024-06-10 12:11:19'),
(167, 'Sebelum usaha mencari jodoh dimulai, Puti Juilan bercerita tentang mimpinya yang aneh. Aku bermimpi menikah dengan seorang pemuda keturunan bangsawan bernama Sutan Rumandang. Mendengar ucapan cucunya, Tuanku Raja Kecik segera mengerahkan para pengawalnya untuk mencari pemuda yang bernama Sutan Rumandang ke pelosok negeri. Sayangnya, usahanya itu tak berhasil. Sutan Rumandang tak juga ditemukan.', 'siamang-putih-2.png', '2024-06-10 12:11:19', '2024-06-10 12:11:19'),
(168, 'Tuanku Raja Kecik putus asa. Menikahlah dengan orang lain. Namun, Puti Juilan tak mau. Hari berganti hari, mimpi Puti Juilan pun menjadi kenyataan. Sebuah kapal besar yang dinakhodai oleh seorang pemuda berlabuh di Pantai Tiku. Nama hamba Sutan Rumandang, anak seorang bangsawan dari negeri seberang. Hamba sedang berlayar ke banyak negeri untuk berdagang. Bolehkah hamba beristirahat sejenak di sini? tanya pemuda itu dengan sopan saat menghadap Tuanku Raja Kecik. Puti Juilan terkejut melihat wajah pemuda yang sama persis dengan pemuda dalam mimpinya. Dalam sekejap, dia pun jatuh cinta. Demikian juga dengan Sutan Rumandang. Tuanku Raja Kecik lalu memutuskan untuk menikahkan mereka berdua.', 'siamang-putih-3.png', '2024-06-10 12:11:19', '2024-06-10 12:11:19'),
(169, 'Sayang, Sutan Rumandang menolak. Izinkan hamba mencari kekayaan terlebih dahulu. Hamba akan segera kembali begitu hamba sudah pantas menikahi Puti Juilan. Puti Juilan setuju. Sebelum Sutan Rumandang melanjutkan perjalanannya, mereka berdua pun mengucap janji untuk saling setia dengan disaksikan Tuanku Raja Kecik. Aku akan menunggumu. Jika aku sampai menikah dengan pria lain, maka aku akan berubah menjadi siamang putih, janji Puti Juilan. Sutan Rumandang melambaikan tangannya. Aku berjanji akan selalu setia padamu. Jika tidak, biarlah kapalku ini tenggelam di laut, janjinya. Kapal Sutan Rumandang pun mulai meninggalkan Pantai Tiku.', 'siamang-putih-4.png', '2024-06-10 12:11:19', '2024-06-10 12:11:19'),
(170, 'Bertahun-tahun telah berlalu. Sutan Rumandang tak kunjung datang. Tuanku Raja Kecik mulai mendesak Puti Juilan untuk melupakan Sutan Rumandang dan menikah dengan pemuda lain. Dalam hati, Puti Juilan membenarkan saran kakeknya. Sepertinya, Sutan Rumandang sudah melupakannya. Kebetulan, saat itu ada seorang pemuda dari tanah seberang yang sedang merapatkan kapalnya di Pantai Tiku. Pemuda itu merupakan anak seorang bangsawan yang kaya raya. Saat bertemu dengan Puti Juilan, pemuda itu jatuh cinta padanya. Dia lalu menyatakan niatnya kepada Tuanku Raja Kecik untuk menikahi Puti Juilan. Pada hari pernikahannya, Puti Juilan duduk berdampingan dengan pemuda itu di singgasana pengantin. Tiba-tiba, Aduh..., teriaknya. Puti Juilan mulai bertingkah aneh. Dia berdiri sambil melompat-lompat. Dia bahkan melompat sampai ke langit-langit istana.', 'siamang-putih-5.png', '2024-06-10 12:11:19', '2024-06-10 12:11:19'),
(171, 'Semua tamu yang hadir terpekik. Mereka melihat, tubuh Puti Juilan mendadak ditumbuhi bulu berwarna putih. Tuanku Raja Kecik terhenyak karena dia teringat akan janji Puti Juilan pada Sutan Rumandang. Puti Juilan berubah menjadi siamang putih! Tuanku Raja Kecik berusaha membatalkan pernikahan, tetapi sudah terlambat. Puti Juilan tak bisa kembali ke wujud asalnya. Sejak saat itu, Puti Juilan yang sekarang berwujud siamang putih, selalu duduk di tepi Pantai Tilu. Dia berharap, Suran Rumandang akan kembali.', 'siamang-putih-6.png', '2024-06-10 12:11:19', '2024-06-10 12:11:19'),
(172, 'Suatu hari, Awang Gading menemukan seorang bayi perempuan yang tergeletak di dalam sebuah keranjang. Saat itu, dia hendak pulang usai memancing.', 'ikan-patin-1.png', '2024-06-10 12:13:40', '2024-06-10 12:13:40'),
(173, 'Awang Gading memutuskan untuk mengambil bayi itu. Lagi pula, dia hidup sebatang kara. Dia berharap, dia tak kesepian lagi dengan adanya bayi itu. Dia menamakan bayinya Dayang Kumunah. Bertahun-tahun kemudian, Dayang Kumunah tumbuh menjadi gadis cantik dan baik hati. Dia disukai banyak orang. Awang Gading sungguh bahagia. Namun sayangnya, Dayang Kumunah tak pernah tertawa. Awang Gading tak tahu apa sebabnya. Suatu hari, seorang pemuda bernama Awangku Usop datang menemui Awang Gading. Rupanya, dia telah mendengar kecantikan Dayang Kumunah. Dia datang untuk melamar Dayang Kumunah. Awang Gading menyerahkan keputusan pada Dayang Kumunah. Sebelum menikahiku, ketahuilah bahwa aku adalah penghuni sungai. Dunia kita berbeda, tetapi jika Kanda mau menerimaku apa adanya, aku bersedia menjadi istri Kanda, jawab Dayang Kumunah. Awangku Usop tak mempermasalahkan asal-usul Dayang Kumunah. Satu lagi, jangan pernah memintaku untuk tertawa. Aku tak bisa dan tak boleh melakukannya, kata Dayang Kumunah lagi. Awangku Usop menyetujui semua permintaan Dayang Kumunah dan mereka pun menikah.', 'ikan-patin-2.png', '2024-06-10 12:13:40', '2024-06-10 12:13:40'),
(174, 'Rumah tangga Dayang Kumunah dan Awangku Usop amat bahagia. Apalagi, mereka dikaruniai lima orang anak yang lucu dan sehat. Awangku Usop sangat menyayangi Dayang Kumunah. Baginya, istrinya adalah wanita dan ibu yang hebat. Suatu hari, anak mereka yang bungsu mulai berjalan. Bagi Awangku Usop, cara berjalannya lucu sekali. Sesekali, anak itu terjatuh. Awang Usop dan anak-anaknya menggoda si bungsu sambil tertawa-tawa. Lihat istriku, anak kita mulai berjalan. Mengapa kau tak ikut bergembira bersama kami? Tertawalah, apakah kau tak bahagia melihat kelucuan si bungsu? tanya Awangku Usop pada Dayang Kumunah.', 'ikan-patin-3.png', '2024-06-10 12:13:40', '2024-06-10 12:13:40'),
(175, 'Dayang Kumunah terdiam. Sebenarnya, dia ingin sekali tertawa. Namun, dia tak boleh melakukannya. Awangku Usop terus memaksanya untuk tertawa. Bahkan, suaminya itu menggelitik dan menggodanya terus-menerus. Dayang Kumunah menyerah. Dia tertawa terbahak-bahak. Bahunya sampai terguncang-guncang. Saat itulah, Awangku Usop dan anak-anaknya melihat ada insang di dalam mulut Dayang Kumunah, pertanda bahwa istrinya adalah keturunan ikan.', 'ikan-patin-4.png', '2024-06-10 12:13:40', '2024-06-10 12:13:40'),
(176, 'Melihat suami dan anak-anaknya memandangnya dengan aneh, Dayang Kumunah menghentikan tawanya. Dia menyadari kesalahannya, lalu berlari meninggalkan suami dan anak-anaknya. Istriku, kau mau ke mana? teriak Awangku Usop mengejarnya. Kelima anaknya juga mengikuti dari belakang. Dayang Kumunah berlari ke arah sungai. Sesampai di pinggir sungai, dia menoleh pada suaminya. Maafkan aku, aku sudah berjanji pada raja penghuni sungai untuk tidak tertawa. Aku tidak diizinkan untuk memamerkan insangku pada siapa pun. Jika aku melanggarnya, maka aku harus kembali ke sungai. Usai berkata demikian, Dayang Kumunah menceburkan diri ke sungai. Tubuhnya lalu berubah menjadi ikan yang cantik. Awangku Usop menyesali perbuatannya. Dia tak menyangka bahwa dia harus kehilangan istrinya. Namun, semuanya sudah terlambat. Ikan jelmaan Dayang Kumunah itulah yang sampai sekarang dipercaya oleh masyarakat Riau sebagai ikan patin.', 'ikan-patin-5.png', '2024-06-10 12:13:40', '2024-06-10 12:13:40'),
(177, 'Burung tempua dan burung puyuh adalah sepasang sahabat. Selama ini, mereka selalu hidup rukun. Namun, suatu saat mereka sedikit berselisih. Masing-masing menyatakan memiliki sarang yang paling bagus dan nyaman. Tentu saja sarangku yang lebih hebat. Aku membuatnya selama berminggu-minggu dengan cara menjalin rumput kering dan alang-alang. Sarangku amat kuat! Tempua memulai pembicaraan. Puyuh tergelak. Untuk apa menghabiskan waktu berminggu- minggu untuk membuat sarang? Lihatlah sarangku. Aku bahkan tak perlu membuatnya. Puyuh menunjukkan sarangnya, pohon tumbang yang dijadikan Puyuh sebagai tempat berlindung. Tempua mencibir. Itu bukan sarang. Lagi pula, jika hanya seperti itu, musuh mudah menangkapmu.', 'burung-tempua-1.png', '2024-06-10 12:15:14', '2024-06-10 12:15:14'),
(178, 'Puyuh menggeleng. Tidak. Mereka tak tahu keberadaanku. Aku akan sering berpindah sarang. Tempua terdiam sejenak. Dia merasa bahwa sarangnya masih jauh lebih baik daripada sarang Puyuh. Untuk membuktikannya, dia mengajak Puyuh menginap di sarangnya. Dia yakin, Puyuh akan mengakui bahwa sarangnya jauh lebih baik. Puyuh setuju dan mengikuti Tempua pulang. Saat menuju ke sarang Tempua, Puyuh cukup kelelahan. Maklum saja, selama ini dia tak perlu terbang tinggi untuk kembali ke sarangnya sendiri', 'burung-tempua-2.png', '2024-06-10 12:15:14', '2024-06-10 12:15:14'),
(179, 'Tak lama kemudian, mereka berdua tidur. Namun, Puyuh gelisah. Dia kehausan. Dia lalu membangunkan Tempua untuk meminta minum. Namun, Tempua tak punya air. Puyuh tak mungkin terbang ke luar untuk mencari air. Suasana di luar gelap gulita, lagi pula sarang itu tinggi sekali. Akhirnya, Puyuh tidur sambil menahan haus.', 'burung-tempua-3.png', '2024-06-10 12:15:14', '2024-06-10 12:15:41'),
(180, 'Beberapa saat kemudian, ada angin kencang bertiup. Pohon tempat sarang Tempua bergoyang-goyang hebat. Puyuh ketakutan. Tenang saja. Sarangku kuat, kita tak mungkin jatuh, hibur Tempua. Tempua benar. Tak lama kemudian, angin berhenti bertiup. Mereka berdua masih aman di dalam sarang. Namun, Puyuh masih ketakutan. Malam itu dia tak bisa tidur nyenyak.  Keesokan harinya, Puyuh berpamitan pada Tempua. Dia tak mau tinggal di sarang Tempua lagi. Lalu Puyuh menawarkan pada Tempua, Bagaimana kalau kau juga mencoba tidur di sarangku? Tempua pun setuju.', 'burung-tempua-4.png', '2024-06-10 12:15:14', '2024-06-10 12:15:49'),
(181, 'Hari sudah malam saat Puyuh dan Tempua menemukan pohon tumbang di dekat sungai. Pohon ini amat cocok bagi kita, seru Puyuh senang. Tempua bingung. Kita mau tidur di mana? Puyuh menunjuk kolong pohon itu. Meski merasa enggan, Tempua pun menuruti ajakan Puyuh. Tengah malam, hujan turun deras. Tempua kedinginan. Tak apa-apa. Sebentar lagi hujan reda, hibur Puyuh. Tempua berusaha tidur. Meski menggigil, dia tak berkata apa-apa lagi. Keesokan harinya, Tempua mengeluh pada Puyuh. Badannya demam. Aku tak cocok tinggal di sarangmu, keluhnya. Akhirnya, baik Tempua maupun Puyuh menyadari bahwa mereka tak bisa memaksakan pendapat mereka tentang kehebatan sarangnya. Mereka pun tak jadi berselisih.', 'burung-tempua-5.png', '2024-06-10 12:15:14', '2024-06-10 12:15:57'),
(182, 'Bujang Enok sedang mencari kayu di hutan saat tiba-tiba seekor ular berbisa muncul di hadapannya. Untunglah Bujang Enok sigap. Dia membunuh ular itu sebelum terpatuk. Dalam perjalanan pulang, Bujang Enok melihat sekelompok wanita sedang bercakap-cakap. Berkat pemuda itu, kita aman. Tak ada lagi ular berbisa yang membahayakan, ucap salah satu dari wanita itu. Bujang Enok pun paham bahwa selama ini ular tersebut sudah meresahkan banyak orang.', 'purti-mambang-1.png', '2024-06-10 12:17:56', '2024-06-10 12:17:56'),
(183, 'Sesampainya di rumah, seperti biasa Bujang Enok menuju ke dapur dan makan. Namun, dia terkejut melihat dapurnya penuh dengan makanan lezat. Meski heran, Bujang Enok makan dengan lahap. Dalam hati dia berjanji akan menyelidiki siapa yang menyiapkan semua makanan itu. Keesokan harinya, Bujang Enok mengintip dapurnya. Ternyata, yang menyediakan makanan adalah tujuh wanita cantik. Mereka menyediakan makanan sebagai ucapan terima kasih karena Bujang Enok berhasil membunuh ular berbisa itu.', 'purti-mambang-2.png', '2024-06-10 12:17:56', '2024-06-10 12:17:56'),
(184, 'Bujang Enok terkesima melihat kecantikan mereka. Dia pun jatuh cinta pada salah satu wanita yang berselendang jingga. Ketujuh wanita itu lalu meninggalkan rumah Bujang Enok. Mereka terbang satu per satu ke langit. Rupanya, mereka bukan manusia, melainkan bidadari yang tinggal di kayangan. Malang bagi wanita berselendang jingga, selendangnya hilang. Dia tak dapat ikut terbang. Dia tak tahu bahwa selendangnya terkait di pintu rumah Bujang Enok. Dia pun menangis ketakutan karena ditinggal sendiri.', 'purti-mambang-3.png', '2024-06-10 12:17:56', '2024-06-10 12:17:56'),
(185, 'Bujang Enok menghampiri wanita itu dan mengembalikan selendangnya. Maukah kau tinggal di sini saja? Menikahlah denganku. Bujang Enok melamar wanita itu. Setelah terdiam sesaat, wanita itu setuju. Dia menyebutkan bahwa dirinya bernama Putri Mambang Linau. Aku mau menikahi Kanda, tetapi ada syaratnya. Kanda tak boleh menyuruhku untuk menari. Jika aku menari, maka aku akan kembali ke kayangan, tempat aku berasal, kata wanita itu. Bujang Enok menyetujui syarat itu. Mereka pun menikah.', 'purti-mambang-4.png', '2024-06-10 12:17:56', '2024-06-10 12:17:56'),
(186, 'Hari demi hari berlalu. Bujang Enok dan Putri Mambang Linau hidup berbahagia. Mereka amat dermawan dan suka menyantuni orang miskin. Lama-kelamaan, sifat baik hati Bujang Enok terdengar sampai ke telinga Raja. Raja senang bahwa Bujang Enok telah membantunya menyejahterakan rakyat. Untuk membalas jasa Bujang Enok, Raja mengangkatnya menjadi kepala kampung.Suatu hari, semua kepala kampung diundang menghadiri pesta yang diadakan oleh Raja. Raja juga meminta agar semua istri kepala kampung menari di pestanya. Bujang Enok gundah. Dia tak ingin membangkang Raja, tetapi dia juga sudah berjanji pada istrinya. Istriku, tolonglah aku. Sekali ini saja, pintanya pada istrinya.', 'purti-mambang-5.png', '2024-06-10 12:17:56', '2024-06-10 12:17:56'),
(187, 'Putri Mambang Linau tak ingin menyulitkan suaminya. Dia pun menurut dan mempersembahkan tariannya yang terindah. Namun, saat dia sedang menari, tiba-tiba kakinya terangkat dari tanah. Tak lama kemudian, tubuhnya melayang-layang ke udara. Suasana pun jadi gempar. Bujang Enok memandangi istrinya dengan sedih. Rupanya, istrinya harus kembali ke kayangan. Putri Mambang Linau terbang semakin jauh ke langit. Dia melambaikan tangan tanda perpisahan pada suaminya. Bujang Enok menyesal telah memaksa istrinya. Namun, dia juga tak mau membantah perintah Raja. Atas kesetiaannya, Raja menjadikan Bujang Enok sebagai penghulu istana. Sampai akhir hayatnya, Bujang Enok mengabdikan diri pada rakyat dan rajanya.', 'purti-mambang-6.png', '2024-06-10 12:17:56', '2024-06-10 12:17:56'),
(188, 'Kelingking adalah seorang pemuda yang tubuhnya seukuran jari kelingking orang dewasa. Meski demikian, dia seorang pemberani. Dia tak takut pada apa pun! Bahkan, dia berani pada Nenek Gergasi, raksasa pemakan manusia yang menyerang negerinya. Saat semua orang sudah mengungsi, Kelingking malah bertahan. Meski bertubuh mungil, Kelingking adalah pemuda yang cerdas dan pemberani.', 'si-kelingking-1.png', '2024-06-10 12:19:21', '2024-06-10 12:19:21'),
(189, 'Buum... buum... suara langkah Nenek Gergasi terdengar jelas oleh Kelingking yang bersembunyi di antara ranting pohon. Kelingking mengintip dan melihat sosok Nenek Gergasi yang besar dan menyeramkan. Kenapa sepi sekali? Ke mana semua manusia? Aku lapar! teriak Nenek Gergasi. Berulang kali dia berteriak, tetapi tak ada yang muncul. Dia pun mulai marah. Tiba-tiba, terdengarlah sebuah suara. Hahaha...! Kau terlambat! Semua manusia di negeri ini sudah aku makan. Sekarang, giliranmu tiba. Kudengar, dagingmu amat lezat! Nenek Gergasi memandang sekitarnya. Tak ada siapa pun. Nenek Gergasi jadi ketakutan dan lari sekencang-kencangnya. Hei, jangan lari! Aku mau memakanmu! teriak suara itu lagi. Ampun, ampun, jangan makan aku, Nenek Gergasi terus berlari.', 'si-kelingking-2.png', '2024-06-10 12:19:21', '2024-06-10 12:19:21'),
(190, 'Kelingking keluar dari tempat persembunyiannya. Rupanya, dialah yang menakut-nakuti Nenek Gergasi. Semua penduduk negeri dipanggilnya kembali. Mereka semua lega karena Nenek Gergasi sudah pergi. Raja berterima kasih pada Kelingking. Beliau lalu mengajak Kelingking dan ibunya untuk tinggal di istana. Kelingking pun diangkat sebagai panglima perang. Suatu hari, Kelingking terlihat gelisah. Aku ingin menikahi putri raja, Bu. Aku mencintainya, ungkap Kelingking. Benarkah? Jika begitu, Ibu akan menemanimu bicara pada Raja, kata ibunya. Ditemani ibunya, Kelingking menghadap Raja dan menyampaikan keinginannya. Raja pun marah dan mengusir Kelingking dari istana. Tunggu, Ayah. Aku mau menikah dengannya. Bukankah dia yang sudah menyelamatkan negeri kita? cegah Putri Raja. Akhirnya, dengan berat hati, Raja pun mengizinkan Kelingking menikahi putrinya.', 'si-kelingking-3.png', '2024-06-10 12:19:21', '2024-06-10 12:19:21'),
(191, 'Setelah menikah, Kelingking dan Putri tinggal di istana mereka sendiri. Namun, ada yang aneh pada diri Kelingking. Tiap malam, dia selalu pergi ke luar istana dan baru pulang menjelang pagi. Karena penasaran, Putri pun menguntitnya. Ternyata, Kelingking pergi ke sebuah telaga dan mandi di sana. Putri lega, ternyata suaminya hanya mandi. Meski demikian, dia merasa heran, mengapa suaminya harus mandi di telaga tiap malam.', 'si-kelingking-4.png', '2024-06-10 12:19:21', '2024-06-10 12:19:21'),
(192, 'Suatu malam, Putri yang sedang tidur mendengar pintu kamarnya terbuka. Saat membuka mata, betapa terkejutnya putri melihat seorang pria gagah perkasa ada di kamarnya. Putri nyaris berteriak, tetapi dia melihat wajah pria itu persis dengan Kelingking. Suamiku? tanyanya ragu. Ya! sahut Kelingking gembira. Aku suamimu! katanya lagi sambil menunjukkan baju Kelingking yang mungil. Kelingking lalu menceritakan apa yang terjadi. Rupanya, dulu saat Nenek Gergasi lari terbirit-birit, ada selembar kertas yang jatuh dari kantong bajunya. Di kertas itu ada denah sebuah telaga yang dikatakan bisa memperbesar tubuh siapa pun. Kelingking pun mencari telaga tersebut dan mencoba semua petunjuk yang dituliskan di denah tersebut. Dan, dia berhasil! Sekarang, tubuh Kelingking berukuran seperti manusia biasa. Kelingking pun menjadi raja, menggantikan mertuanya yang sudah tua.', 'si-kelingking-5.png', '2024-06-10 12:19:21', '2024-06-10 12:19:21'),
(193, 'Di sebuah dusun di Jambi, ada dua gadis cantik bernama Mimi dan Mini. Melihat kecantikan mereka, tak ada yang menyangka bahwa ibu mereka adalah seekor kucing. Ya, ibu Mimi dan Mini adalah seekor kucing. Meski demikian, Mimi dan Mini menyayangi ibunya. Namun, suatu hari rasa sayang mereka berubah menjadi kekecewaan. Semua itu gara-gara ucapan dua orang pemuda yang batal menikahi mereka setelah mengetahui bahwa ibu mereka seekor kucing. Kami tak mau punya mertua seekor kucing, kata pemuda-pemuda itu. Mimi dan Mini sedih, lalu berpikir untuk mencari ibu baru.', 'ibu-kami-kucing-1.png', '2024-06-10 12:30:52', '2024-06-10 12:30:52'),
(194, 'Mendengar keinginan anak-anaknya, sang ibu tak dapat berbuat apa-apa. Maka, dibiarkannya Mimi dan Mini pergi mencari ibu baru. Mimi dan Mini meninggalkan ibunya. Dalam perjalanan, mereka bertemu Matahari. Mereka merasa, Matahari pantas menjadi ibu mereka. Selain besar, Matahari juga mampu menerangi dunia. Matahari terkekeh. Aku tak ada apa-apanya dibandingkan Awan. Jika Awan menutupiku, maka sinarku hilang Mengapa kalian tak meminta Awan untuk menjadi ibu kalian? Mimi dan Mini menurut. Mereka menemui Awan. Aku tak hebat. Jika aku tertiup angin, maka tubuhku akan membentur Gunung. Rasanya sakit sekali. Gunung amat kuat. Dia layak menjadi ibu kalian, kata Awan.', 'ibu-kami-kucing-2.png', '2024-06-10 12:30:52', '2024-06-10 12:30:52'),
(195, 'Mimi dan Mini pun menemui Gunung. Hahaha, aku memang kelihatan kuat. Tapi lihatlah, tubuhku berlubang-lubang. Aku tak bisa mencegah Tikus untuk menggerogoti tubuhku. Mintalah Tikus untuk menjadi ibu kalian. Akhirnya, Mimi dan Mini bertemu Tikus. Mereka melihat Tikus sedang menggerogoti kayu yang besar. Kamu hebat dan kuat, maukah kau menjadi ibu kami? pinta mereka. Tikus memandang ragu. Aku? Aku tidaklah hebat. Masih ada yang lebih hebat dariku. Dia adalah Kucing! Aku pasti lari terbirit-birit jika melihatnya, sahut Tikus.', 'ibu-kami-kucing-3.png', '2024-06-10 12:30:52', '2024-06-10 12:30:52'),
(196, 'Mimi dan Mini berpandang-pandangan. Mereka telah berjalan jauh untuk mencari ibu baru. Namun ternyata, yang terbaik dan paling pantas untuk menjadi ibu mereka adalah seekor kucing. Mereka lalu menyadari kesalahannya dan segera pulang menemui ibunya. Sang ibu amat berbahagia melihat kedua anaknya kembali. Sejak saat itu, Mimi dan Mini tak pernah ingin punya ibu baru.', 'ibu-kami-kucing-4.png', '2024-06-10 12:30:52', '2024-06-10 12:30:52'),
(197, 'Dahulu kala, ada sebuah kerajaan bernama Kerajaan Sriwijaya. Rajanya memiliki seorang putri yang amat cantik, bernama Siti Fatimah.', 'legenda-pulau-kemaro-1.png', '2024-06-10 12:33:52', '2024-06-10 12:33:52'),
(198, 'Suatu hari, Tan Boen An, seorang putra mahkota dari Negeri China datang untuk berdagang. Raja Sriwijaya senang melihat Tan Boen An yang rajin, dan berharap agar Tan Boen An bisa menjadi menantunya. Raja menjamu Tan Boen An di istana. Saat itulah, Siti Fatimah muncul. Tan Boen An terkesiap. Dia terpesona melihat kecantikan Siti Fatimah. Raja pun memperkenalkan Tan Boen An pada putrinya. Sejak saat itu, Tan Boen An dan Siti Fatimah jatuh cinta, lalu memutuskan untuk menikah.', 'legenda-pulau-kemaro-2.png', '2024-06-10 12:33:52', '2024-06-10 12:33:52'),
(199, 'Sebelum menikah, Raja Sriwijaya meminta Tan Boen An untuk menyediakan mas kawin. Sediakan sembilan buah guci berisi emas, pinta Raja. Tan Boen An menyetujui permintaan Raja. Dia lalu mengutus seorang anak buahnya untuk pulang dan memberikan surat pada orangtuanya. Dalam surat itu, Tan Boen An memohon restu dan juga meminta agar orangtuanya menyediakan sembilan guci berisi emas.', 'legenda-pulau-kemaro-3.png', '2024-06-10 12:33:52', '2024-06-10 12:33:52'),
(200, 'Beberapa bulan kemudian, utusannya kembali dengan membawa sembilan buah guci di kapalnya. Tan Boen An mengajak Siti Fatimah dan Raja Sriwijaya untuk melihat isi guci-guci tersebut. Dia yakin guci-guci tersebut berisi emas. Namun, tanpa sepengetahuan Tan Boen An dan juga utusannya, orangtuanya telah menutupi emas-emas itu dengan sayuran. Mereka berjaga-jaga, kalau-kalau ada perompak yang menyerang kapal. Dengan menyembunyikannya di balik sayuran, emas itu aman. Sayang, mereka lupa memberitahukan hal itu pada Tan Boen An, juga pada utusannya. Saat melihat tumpukan sayur yang sudah membusuk, Raja marah besar. Tan Boen An pun jadi malu dan gusar. Dia lalu membuang guci-guci itu ke sungai dengan penuh amarah.', 'legenda-pulau-kemaro-4.png', '2024-06-10 12:33:52', '2024-06-10 12:33:52'),
(201, 'Saat dia membuang guci terakhir, tak sengaja gucinya membentur pagar kapal. Guci itu pecah, dan betapa terkejutnya semua orang yang ada di atas kapal itu. Di antara sayuran busuk, ada berbatang-batang emas! Tan Boen An langsung tersadar bahwa guci-guci yang sudah dibuangnya tadi, semuanya berisi emas. Tanpa pikir panjang, dia terjun dan berenang menyusuri Sungai Musi. Sekuat tenaga dia mencari guci-gucinya yang telah hanyut. Dia terus berenang jauh meninggalkan kapal sampai tubuhnya tak terlihat.', 'legenda-pulau-kemaro-5.png', '2024-06-10 12:33:52', '2024-06-10 12:33:52'),
(202, 'Sudah berhari-hari, Tan Boen An tak juga kembali. Siti Fatimah jadi gelisah. Dia meminta izin pada ayahnya untuk mencari Tan Boen An. Siti Fatimah berangkat dengan ditemani sejumlah prajurit kerajaan. Mereka menyusuri Sungai Musi. Saat itulah, Siti Fatimah seolah mendengar suara Tan Boen An memanggilnya. Namun, tak ada prajurit yang mendengar suara itu. Itu suara Tan Boen An, aku harus menolongnya! Siti Fatimah pun bergegas menceburkan dirinya ke sungai. Para prajurit tak sempat mencegah sang putri. Tubuh Siti Fatimah pun hanyut oleh aliran Sungai Musi yang deras. Para prajurit panik dan melapor pada Raja. Raja pun bergegas menuju Sungai Musi. Namun, Siti Fatimah tak ditemukannya. Beliau hanya melihat gundukan tanah di tepi sungai. Raja meyakini, gundukan tanah itu adalah kuburan putrinya. Gundukan tanah itu semakin lama semakin besar. Orang-orang lalu menamainya dengan Pulau Kemaro.', 'legenda-pulau-kemaro-6.png', '2024-06-10 12:33:52', '2024-06-10 12:33:52'),
(203, 'Alkisah, hiduplah seorang raja bijaksana dan dicintai rakyatnya. Dia memiliki seorang putri bernama Putri Jelitani. Karena dilahirkan di musim kemarau, dia juga sering dipanggil dengan sebutan Putri Kemarau. Raja amat menyayangi putri satu-satunya itu. Apalagi, permaisuri telah meninggal. Meski tak lagi memiliki ibu, Putri Jelitani hidup bahagia.', 'putri-kemarau-1.png', '2024-06-10 12:35:38', '2024-06-10 12:35:38'),
(204, 'Namun, suatu hari kebahagiaan mereka terusik. Musim kemarau yang panjang melanda negeri mereka. Sungai mengering, pepohonan meranggas, dan panen pun gagal. Selain itu, banyak binatang ternak yang mati. Rakyat benar- benar menderita. Melihat keadaan rakyatnya, Raja tak tinggal diam. Beliau mencari cara agar negerinya terselamatkan dari musim kemarau yang berkepanjangan. Didampingi oleh Putri Jelitani, Raja memanggil penasihat kerajaan untuk membicarakan masalah tersebut. Namun, mereka tak menemukan jalan keluarnya, sampai akhirnya Putri Jelitani berkata, Sebaiknya kita berdoa memohon kepada Tuhan agar hujan segera datang. Raja dan penasihat istana setuju. Rakyat diminta untuk berdoa agar musim kemarau segera berlalu.', 'putri-kemarau-2.png', '2024-06-10 12:35:38', '2024-06-10 12:35:38'),
(205, 'Setelah beberapa hari terus berdoa, Putri Jelitani bermimpi. Dalam mimpinya, dia bertemu dengan ibunya. Negeri ini bisa selamat jika ada seorang gadis yang mau berkorban dengan menceburkan diri ke laut, kata ibunya dalam mimpi. Putri Jelitani tergeragap. Dia lalu mencari ayahnya dan menceritakan mimpinya. Raja tercenung. Aneh sekali. Semalam, aku juga bermimpi hal yang sama, gumamnya. Akhirnya, Raja memanggil penasihat istana, yang lalu menyarankan agar Raja melaksanakan mimpi tersebut.', 'putri-kemarau-3.png', '2024-06-10 12:35:38', '2024-06-10 12:35:38'),
(206, 'Tapi, siapakah gadis yang mau berkorban seperti itu? Aku yakin, tak ada yang mau, kata Raja. Tiba-tiba Putri Jelitani menyela, Aku mau, Ayah. Aku rela mengorbankan diri, asalkan rakyat kita kembali makmur. Aku tak tega melihat keadaan mereka sekarang. Raja dan penasihat istana terkejut. Raja menolak keinginan putrinya. Beliau tak mau kehilangan putri satu-satunya. Namun Putri Jelitani bersikeras. Disaksikan oleh rakyatnya, dia menuju ke ujung tebing laut, dan bersiap untuk terjun. Di bawahnya, air laut bergolak dahsyat. Raja menutup matanya, Beliau tak tega menyaksikan tubuh putrinya ditelan ombak. Selamat tinggal, Ayah. Selamat tinggal semuanya! ucap Putri Jelitani. Tiba-tiba terdengar petir menyambar-nyambar. Langit menjadi gelap dan hujan turun deras sekali. Dalam waktu singkat, seluruh wilayah kerajaan digenangi air. Sungai-sungai pun meluap. Raja amat bersuka cita. Sambil memeluk putrinya, beliau berkata, Tuhan sayang pada kita semua. Lihat, air ada di mana-mana. Negeri kita tak lagi kekeringan. Raja amat bersyukur karena tak jadi kehilangan putri yang dicintainya.', 'putri-kemarau-4.png', '2024-06-10 12:35:38', '2024-06-10 12:35:38'),
(207, 'Suatu hari, terjadi kegaduhan di istana Raja Bikao Bermano. Putra mahkotanya, yaitu Gajah Meram, hilang di Danau Tes. Tak hanya itu, istri Gajah Meram juga hilang. Walaupun semua pengawal istana sudah dikerahkan untuk mencari, mereka tetap tak ditemukan. Danau Tes dihuni oleh ular berkepala tujuh. Jangan-jangan, pangeran dan istrinya diculik oleh ular tersebut, kata seorang panglima. Yang kudengar, ular itu licik dan sulit ditaklukkan, kata panglima yang lain. Raja semakin gundah. Semua panglima tak ada yang berani mencari ular berkepala tujuh itu.', 'ular-kepala-tujuh-1.png', '2024-06-10 12:36:54', '2024-06-10 12:36:54'),
(208, 'Tiba-tiba, Gajah Merik, putra bungsu beliau berkata, Jika ayah mengizinkan, aku akan menghadapi ular itu! Raja dan semua panglima terkejut. Mereka tak percaya anak sekecil itu berani menghadapi ular berkepala tujuh. Tidak, kau tak boleh pergi, sahut Raja tegas. Namun Gajah Merik bersikeras. Dia lalu bercerita bahwa tiap malam dia bermimpi didatangi oleh seorang kakek. Kakek itu telah memberinya ilmu untuk mengalahkan ular berkepala tujuh itu. Akhirnya, Raja pun luluh hatinya. Beliau mengizinkan Gajah Merik pergi.', 'ular-kepala-tujuh-2.png', '2024-06-10 12:36:54', '2024-06-10 12:36:54'),
(209, 'Dalam perjalanan, Gajah Merik mampir di Tepat Topes. Di sana, dia bertapa selama tujuh hari untuk mendapatkan senjata pusaka yang dijanjikan oleh kakek dalam mimpinya. Tepat di hari ketujuh, Gajah Merik mendapatkan senjata pusakanya. Sebuah keris dan sehelai selendang. Keris ini dapat membuatmu berjalan di dalam air, dan selendang ini dapat berubah menjadi pedang yang tajam. kata kakek itu. Gajah Merik segera menuju ke Danau Tes. Setelah menusukkan kerisnya ke danau, dia dapat berjalan di atasnya, dan sampai ke sebuah gua di ujung danau. Di gua itu, Gajah Merik bertemu dengan ular berkepala tujuh yang memandangnya dengan ganas. Namaku Gajah Merik! Bebaskan Gajah Meram dan istrinya! teriaknya lantang. Ular berkepala tujuh tertawa. Lawan aku dulu, Anak Kecil! Dengan berani, Gajah Merik maju dan mengibaskan selendangnya yang segera berubah menjadi pedang. Namun, ular berkepala tujuh tak mudah ditaklukkan. Dengan mudah, dia mengelak dari sabetan pedang Gajah Merik.', 'ular-kepala-tujuh-3.png', '2024-06-10 12:36:54', '2024-06-10 12:36:54'),
(210, 'Tak terasa, pertarungan telah berlangsung selama tiga hari tiga malam. Mereka kelelahan. Ular berkepala tujuh berkata pada Gajah Merik, Anak Muda, aku mengakui kehebatanmu. Belum pernah ada orang yang mampu melawanku sedemikian hebatnya. Sambil terengah-engah, Gajah Merik menjawab, Jika begitu, bebaskan saja kakakku. Kita tak perlu melanjutkan pertarungan ini. Ular berkepala tujuh pun setuju. Dia membebaskan Gajah Meram dan istrinya. Gajah Merik, Gajah Meram, dan istrinya pun pulang ke istana. Raja menyambut mereka dengan gembira. Sebagai hadiah atas keberaniannya, Raja mempersilakan Gajah Merik untuk meminta apa saja. Aku hanya ingin agar ular berkepala tujuh tinggal di istana. Aku ingin menjadikan mereka pengawal khususku. Dengan begitu, mereka juga tak akan mengganggu orang di Danau Tes lagi, katanya. Raja pun setuju. Sejak saat itu, ular berkepala tujuh menjabat di istana, mendampingi Gajah Merik. Danau Tes pun tak lagi menyeramkan.', 'ular-kepala-tujuh-4.png', '2024-06-10 12:36:54', '2024-06-10 12:36:54'),
(211, 'Di sebuah desa di Bengkulu, ada seorang ibu yang tinggal bersama ketiga putrinya. Ibu itu sedang sakit dan tak ada obat yang mampu menyembuhkannya. Namun, tabib yang mengobatinya memberi harapan. Ibu kalian bisa disembuhkan dengan ramuan yang dimasak di atas bara ajaib. Aku bisa membuat ramuannya, tapi kalian harus mencari bara ajaibnya. Putri bungsu langsung bertanya, Di mana kami bisa mendapatkan bara ajaib itu? Bara ajaib itu hanya ada di puncak gunung di sebelah utara desa kita. Namun, tempat itu dijaga oleh seekor ular yang besar dan kejam. Namanya ular N\'Daung. Rasanya, kalian tak mungkin selamat dari ular itu, desah tabib cemas.', 'ular-Ndaung-1.png', '2024-06-10 12:38:47', '2024-06-10 12:38:47'),
(212, 'Ketiga gadis itu saling berpandangan. Putri sulung dan tengah menggelengkan kepalanya, menolak untuk pergi mencari bara ajaib. Akhirnya, putri bungsu dengan tegas berkata, Biar aku saja yang pergi ke gunung itu dan mengambil bara api untuk Ibu. Setelah berjalan berhari-hari, akhirnya si Bungsu sampai di puncak gunung itu. Karena kelelahan, dia pun tertidur. Tanpa dia sadari, Ular N\'Daung muncul di hadapannya. Saat membuka mata, si Bungsu menjerit ketakutan. Jangan makan aku! teriaknya. Ular N\'Daung memandangnya heran. Memakanmu? Aku tak akan memakanmu. Mengapa kau ada di sini?', 'ular-Ndaung-2.png', '2024-06-10 12:38:47', '2024-06-10 12:38:47'),
(213, 'Si Bungsu terkesima melihat ular N\'Daung bisa berbicara. Dia lalu menjelaskan bahwa dia hendak meminta bara api untuk memasak ramuan bagi ibunya yang sedang sakit. Ular N\'Daung mau memberi bara api itu. Namun ada syaratnya, katanya. Syarat? Apa itu? Katakan saja, aku akan melakukan apa saja demi kesembuhan ibuku, jawab si Bungsu. Setelah ibumu sembuh, kau harus kembali ke sini dan tinggal bersamaku selamanya. Aku ingin punya seorang teman, kata Ular N\'Daung. Tanpa pikir panjang, si Bungsu mengiyakan permintaan itu. Demi ibunya, syarat Ular N\'Daung itu terasa mudah.', 'ular-Ndaung-3.png', '2024-06-10 12:38:47', '2024-06-10 12:38:47'),
(214, 'Sekarang, sang ibu sudah sembuh. Si Bungsu pun kembali ke puncak gunung untuk memenuhi janjinya. Kakak-kakaknya penasaran. Mereka membuntuti si Bungsu. Mereka ingin tahu bagaimana adiknya bisa selamat dari ular yang terkenal kejam itu. Si Bungsu tak sadar jika kakak-kakaknya membuntutinya. Saat tiba di puncak gunung, hari sudah malam. Suasana sepi. Ular N\'Daung tak tampak.', 'ular-Ndaung-4.png', '2024-06-10 12:38:47', '2024-06-10 12:38:47'),
(215, 'Tiba-tiba, si Bungsu melihat seorang pemuda. Siapa kau? Di mana Ular N\'Daung? tanyanya cemas. Dia berpikir, jangan-jangan pemuda itu melukai Ular Namun di luar dugaannya, pemuda itu menjawab dengan tegas, Akulah si Ular N\'Daung. Namaku yang sebenarnya adalah Pangeran Abdul Rahman Alamsyah. Pamanku menyihirku menjadi ular karena dia ingin menguasai takhta kerajaan. Oh, pantas saja dia selamat. Ternyata ular itu manusia! kata si Sulung yang mengintip dari balik batu. Jangan-jangan, pangeran itu mau menikahi si Bungsu? timpal si Tengah. Si Sulung dan si Tengah tak suka melihat adiknya berteman akrab dengan pangeran itu. Mereka iri. Mereka menyesal telah membiarkan si Bungsu mencari bara api sendiri. Andai saja aku yang ke sini, gumam si Sulung.', 'ular-Ndaung-5.png', '2024-06-10 12:38:47', '2024-06-10 12:38:47'),
(216, 'Tiba-tiba, mata si Sulung tertuju pada seonggok kulit ular di ujung gua. Dia lalu membakar kulit tersebut. Dia berharap, pangeran marah dan menuduh si Bungsu- lah yang membakarnya. Ternyata, dugaannya salah. Ketika mengetahui bahwa yang terbakar adalah kulit ular, Pangeran tertawa gembira. Horee... akhirnya aku terbebas dari pengaruh sihir pamanku! Sihir itu akan hilang jika ada orang yang tak sengaja memusnahkan kulit ularku! kata Pangeran. Si Sulung dan si Tengah terkejut setengah mati mendengar perkataan Pangeran Abdul Rahman Alamsyah. Mereka berdua kemudian saling menyalahkan. Akhirnya, seperti yang sudah diduga oleh si Sulung dan si Tengah, Pangeran memboyong si Bungsu ke istananya. Dia mengambil alih takhta yang selama ini dikuasai oleh sang paman, dan menikah dengan si Bungsu. Ibu dan kedua kakaknya pun turut serta tinggal di istana.', 'ular-Ndaung-6.png', '2024-06-10 12:38:47', '2024-06-10 12:38:47'),
(217, 'Ada tujuh orang gadis yang tersesat di dalam hutan. Saat itu, mereka hendak mencari buah-buahan untuk makan. Biasanya, orangtua mereka yang melakukannya, tetapi sejak orang tua mereka meninggal, ketujuh bersaudara itu harus hidup mandiri. Sekarang, mereka menangis ketakutan. Aku tak tahu apa yang harus kita lakukan, kata si Sulung. Sebaiknya kita terus berjalan saja, Kak, siapa tahu kita bisa menemukan jalan keluar dari hutan ini, jawab si Bungsu. Ketujuh gadis itu lalu melangkah tak tentu arah.', 'si-bungsu-1.png', '2024-06-10 12:41:01', '2024-06-10 12:41:01'),
(218, 'Setelah lama berjalan, akhirnya mereka berhasil keluar dari hutan itu. Mereka menemukan sebuah rumah yang amat besar. Namun, mereka mendengar suara-suara aneh dari balik rumah. Ternyata, ini rumah raksasa! teriak si Sulung saat melihat dua raksasa sedang mandi di balik rumah itu. Ketujuh gadis itu khawatir jika raksasa itu memangsa mereka. Lalu, mereka meminta bantuan pada seekor burung kenui untuk memasukkan kolang-kaling ke dalam sungai tempat raksasa itu mandi. Tubuhku gatal! teriak raksasa laki-laki. Aku juga! raksasa perempuan ikut menggaruk- garuk tubuhnya. Cuit... cuit... cuit... kalian harus segera pergi. Kalian terkena wabah penyakit gatal. Sebentar lagi tubuh kalian akan hangus. Pergilah ke puncak gunung, di sana ada penawarnya, kata Burung Kenui.', 'si-bungsu-2.png', '2024-06-10 12:41:01', '2024-06-10 12:41:01'),
(219, 'Setelah raksasa-raksasa tadi pergi, ketujuh gadis membagi rumahnya menjadi tujuh bagian. Mereka juga membagi halaman rumah menjadi tujuh kebun yang bisa ditanami jagung. Jagung di kebun mereka tumbuh subur. Namun, di antara mereka, hanya si Bungsu yang bersedia menampung burung kenui di kebunnya. Kakak-kakaknya tak mau. Mereka takut burung kenui memakan jagung mereka. Suatu hari, burung kenui pergi meninggalkan ladang si Bungsu dan meninggalkan sebutir telur di sana. Meski sedih, si Bungsu tak tahu harus mencari ke mana sahabatnya itu.', 'si-bungsu-3.png', '2024-06-10 12:41:01', '2024-06-10 12:41:01'),
(220, 'Beberapa hari kemudian, saat si Bungsu pulang dari ladang, dia melihat ada seorang pemuda tampan berada di depan rumahnya. Jangan takut, aku adalah anak burung kenui. Aku berasal dari telur itu, kata si pemuda sambil menunjuk cangkang telur yang sudah pecah. Pemuda itu lalu mengajak si Bungsu untuk menikah. Mereka lalu hidup rukun dan berbahagia.', 'si-bungsu-4.png', '2024-06-10 12:41:01', '2024-06-10 12:41:01'),
(221, 'Mengetahui hal itu, kakak-kakak si Bungsu merasa iri. Suatu hari, ketika si Bungsu terpeleset dan terbawa arus saat mencuci di sungai, mereka tak menolongnya. Mereka berharap si Bungsu hanyut ke tempat yang amat jauh dan tak kembali lagi. Namun, si Bungsu selamat. Tubuhnya ditelan ikan besar yang kemudian tersangkut di jaring seorang nenek. Saat nenek itu hendak memasak ikan, pisaunya tak mampu memotong-motong tubuh ikan itu. Nenek itu hampir putus asa, lalu dia mendengar ada burung bernyanyi Bolidang bolidangi pabeli iwa balak. Mendengar nyanyian burung itu, si nenek mengerti bahwa dia harus menggunakan daun belidang untuk memotong- motong tubuh ikan.', 'si-bungsu-5.png', '2024-06-10 12:41:01', '2024-06-10 12:41:01'),
(222, 'Saat nenek itu berhasil memotong tubuh ikan, si Bungsu keluar. Dia lalu menceritakan asal usulnya dan mengapa dia bisa berada di perut ikan. Nenek itu lalu membantunya untuk pulang. Mereka berdua menyusuri sungai dan akhirnya tiba di rumah si Bungsu. Suami si Bungsu amat girang melihat kedatangan istrinya, sedangkan kakak- kakaknya merasa malu dan bersalah karena telah membiarkan adiknya menderita. Mereka lalu meminta maaf pada si Bungsu. Dia tentu saja memaafkan kakak-kakaknya. Akhirnya, mereka kembali hidup rukun bersama-sama.', 'si-bungsu-6.png', '2024-06-10 12:41:01', '2024-06-10 12:41:01'),
(223, 'Di sebuah desa di daerah Lampung Selatan, hiduplah seorang pemuda sebatang kara bernama Domas. Meski amat miskin, Domas tetap bersabar. Dia tekun bekerja dan berharap suatu saat nasibnya akan berubah. Namun, dia malah mendapat musibah. Gubuknya ludes terbakar saat dia pergi mencari ikan. Sekarang, Domas tak punya tempat tinggal. Dia amat sedih dan menyesali keadaannya, hingga dia tertidur dan bermimpi.', 'sultan-domas-1.png', '2024-06-10 12:42:49', '2024-06-10 12:42:49');
INSERT INTO `story_details` (`id`, `story`, `thumbnail`, `created_at`, `updated_at`) VALUES
(224, 'Pergilah ke selatan. Tinggallah di sana, di sebuah desa di dekat sungai yang jernih, kata seorang laki-laki tua dalam mimpinya. Domas pun menuruti mimpinya. Tak ada ruginya untuk pergi karena dia tak punya apa-apa lagi di desanya. Setelah berjalan berhari- hari, dia menemukan tempat yang persis dengan apa yang dikatakan oleh lelaki tua dalam mimpinya. Domas pun membangun rumah sederhana di pinggir sungai itu. Tak hanya itu, Domas berusaha menanam sayuran dan buah-buahan. Ternyata, tanah yang ditempatinya amat subur. Domas pun bisa menjual hasilnya ke pasar. Sekarang, dia tak lagi hidup kekurangan.', 'sultan-domas-2.png', '2024-06-10 12:42:49', '2024-06-10 12:42:49'),
(225, 'Suatu hari, Domas bermimpi lagi. Kali ini, lelaki tua itu menyuruhnya untuk bertapa di sebuah gua kecil di pinggir hutan. Domas menurut, meski dia tak tahu mengapa dia harus melakukannya. Setelah beberapa hari bertapa, dia menemukan sebuah pedang dan tongkat kayu berbentuk ular. Domas pun membawa benda-benda itu pulang. Dia lalu melanjutkan kehidupannya seperti sedia kala. Hari berganti hari, tahun berganti tahun. Sekarang, tempat tinggal Domas semakin ramai. Domas tak lagi tinggal sendirian di desa itu. Banyak orang dari daerah lain yang datang dan menetap di sana. Domas dengan senang hati menyambut mereka sehingga mereka pun menghormati Domas. Mereka bahkan menyebutnya sebagai Sultan Domas.', 'sultan-domas-3.png', '2024-06-10 12:42:49', '2024-06-10 12:42:49'),
(226, 'Diam-diam, tak semua orang suka jika Domas menjadi sultan. Ada lima orang yang merasa iri. Mereka hendak mencuri pedang dan tongkat kayu milik Domas. Mereka beranggapan, itulah benda-benda sakti yang menjadi jimat Domas. Kelima orang tersebut berusaha mencuri pedang dan tongkat kayu Domas. Ketika sudah berhasil mendapatkan benda-benda itu, mereka tak bisa keluar dari rumah karena dihadang oleh ular yang amat besar. Ketika mereka mundur, di belakang mereka juga ada buaya yang menghadang.', 'sultan-domas-4.png', '2024-06-10 12:42:49', '2024-06-10 12:42:49'),
(227, 'Mereka begitu ketakutan, tak bisa bergerak, hingga akhirnya Domas datang. Melihat kedatangan Domas, kelima orang tadi bermaksud menyerangnya. Lagi-lagi usaha mereka gagal. Kaki mereka membeku di lantai, tak bisa bergerak. Mereka akhirnya sadar bahwa mereka tak bisa melawan Domas. Mereka lalu menceritakan dengan jujur maksud kedatangan mereka dan meminta maaf pada Domas. Domas memaafkan mereka. Sejak saat itu, dia semakin terkenal sebagai orang yang baik hati. Orang-orang pun setuju untuk mengangkat Domas sebagai pemimpin yang mereka sebut sebagai Sultan Domas.', 'sultan-domas-5.png', '2024-06-10 12:42:49', '2024-06-10 12:42:49'),
(228, 'Bujang Katak, begitulah dia biasa dipanggil. Dia memang mirip katak dengan kulit licin dan berwarna kehijauan. Dulu, ibunya berdoa agar bisa mempunyai anak, dan tanpa sengaja ibunya berkata, Meski anakku nanti seperti katak, aku akan tetap menyayanginya. Ternyata doanya dikabulkan, sehingga lahirlah si Bujang Katak.', 'bujang-katak-1.png', '2024-06-10 12:44:42', '2024-06-10 12:44:42'),
(229, 'Meski perawakannya aneh, Bujang Katak disukai semua orang. Dia ramah dan rajin bekerja. Namun, akhir-akhir ini Bujang Katak sering murung. Ternyata, Bujang Katak ingin meminang salah seorang putri raja. Aku dengar Raja memiliki tujuh orang putri yang cantik. Maukah Ibu melamarkan salah satu dari mereka untukku? tanya Bujang Katak. Ibunya pun setuju dan berangkat ke istana. Ampun, Baginda. Maafkan hamba jika lancang. Maksud kedatangan hamba adalah untuk melamar salah satu putri Baginda untuk putra hamba si Bujang Katak, kata Ibu Bujang Katak pada Raja.', 'bujang-katak-2.png', '2024-06-10 12:44:42', '2024-06-10 12:44:42'),
(230, 'Raja lalu mempersilahkan para putrinya untuk menjawab lamaran itu. Ternyata, tak ada yang mau. Tiba-tiba, putri bungsu menjawab. Pulanglah. Katakan pada putramu untuk datang sendiri melamarku. Raja amat terkejut. Namun, Raja bisa mengerti alasan putrinya. Bujang Katak memang terkenal sebagai pria yang baik. Keesokan harinya, Bujang Katak pergi ke istana untuk melamar putri bungsu. Raja lalu memberinya satu syarat. Bujang Katak harus membangun jembatan emas untuk menghubungkan istana dengan desa Bujang Katak. Bujang Katak kembali ke rumahnya. Dia menceritakan permintaan Raja kepada ibunya. Tapi, Anakku... kita ini hanya orang miskin. Mana bisa kita membeli emas untuk membangun jembatan itu? tanya ibunya khawatir.  Namun Bujang Katak yakin, dengan pertolongan Tuhan, dia mampu melakukannya. Malam itu, Bujang Katak terus berdoa dan berdoa.', 'bujang-katak-3.png', '2024-06-10 12:44:42', '2024-06-10 12:44:42'),
(231, 'Ternyata doa Bujang Katak dikabulkan. Saat mandi pagi, tiba-tiba saja kulitnya yang tebal dan licin terkelupas. Saat bercermin, betapa terkejut dirinya melihat penampilannya. Sekarang, dia telah menjadi pria dengan kulit seperti manusia biasa. Bujang Katak lalu berlari kembali ke sumur. Di sana, dia menemukan tumpukan kulitnya telah berubah menjadi emas! Bujang Katak mengucap syukur, lalu menunjukkan emas- emas itu pada ibunya. Betapa senang hati ibunya melihat putranya kini telah berubah menjadi manusia. Bujang Katak lalu mulai bekerja, siang dan malam, tiada henti membangun jembatan emas. Akhirnya, jembatan itu selesai. Bujang Katak dan ibunya menghadap Raja. Hei, mana putramu yang seperti katak? Siapa pemuda ini? tanya Raja pada Ibu Bujang Katak.', 'bujang-katak-4.png', '2024-06-10 12:44:42', '2024-06-10 12:44:42'),
(232, 'Ampun, Baginda, pemuda ini adalah Bujang Katak. Tuhan telah mengubah wujudnya menjadi pria yang tampan. Bujang Katak lalu mengajak Raja dan putri bungsu untuk melihat jembatan emas yang telah dibuatnya. Raja pun senang melihat kesungguhan Bujang Katak untuk menikahi putri bungsunya. Baiklah, Bujang Katak. Mari kita kembali ke istana dan membicarakan pesta pernikahanmu dengan putri bungsuku, ajak Raja. Akhirnya, Bujang Katak menikah dengan putri bungsu dan mereka hidup berbahagia.', 'bujang-katak-5.png', '2024-06-10 12:44:42', '2024-06-10 12:44:42'),
(233, 'Si Penyumpit adalah seorang pemuda yang pandai menyumpit hewan buruan. Selain itu, dia juga dikenal mampu meramu obat-obatan. Suatu hari, Pak Raje, kepala desa yang kikir, meminta Si Penyumpit untuk menjaga sawahnya dari serangan babi hutan. Dia selalu meminta si Penyumpit untuk melakukannya, karena dulu almarhum ayah si Penyumpit pernah berhutang padanya. Awas ya, kalau sampai babi hutan itu merusak padiku. Kau harus membayar ganti rugi! kata Pak Raje.', 'si-penyumpuit-1.png', '2024-06-10 12:46:56', '2024-06-10 12:46:56'),
(234, 'Malam itu, Si Penyumpit berjaga di sawah Pak Raje. Tak lama kemudian, segerombolan babi hutan datang. si Penyumpit mengeluarkan alat sumpitnya, dan huuppp... melayanglah anak sumpitnya ke gerombolan babi hutan itu. Ngoiikkk..., anak sumpit itu mengenai seekor babi hutan yang segera melarikan diri bersama teman-temannya. Mereka masuk kembali ke dalam hutan. Si Penyumpit keheranan. Aneh, seharusnya babi itu mati terkena sumpitanku. Tapi, ke mana dia? Karena penasaran, si Penyumpit mengikuti jejak darah yang ditinggalkan oleh babi hutan yang terluka itu. Jejak itu berhenti pada sebuah rumah kecil di hutan.', 'si-penyumpuit-2.png', '2024-06-10 12:46:56', '2024-06-10 12:46:56'),
(235, 'Si Penyumpit mengetuk pintu. Siapa kau dan ada apa datang tengah malam begini? tanya wanita yang membuka pintu. Namaku si Penyumpit. Tadi aku menyumpit seekor babi hutan. Tapi aneh, babi hutan itu hilang. Setelah aku ikuti jejak darahnya, ternyata berhenti di rumah ini. Oh, jadi kau yang menyumpit adik kami? Lihat, sekarang dia kesakitan! kata wanita itu marah. Ternyata, wanita itu dan adik-adiknya adalah jelmaan babi hutan. Salah satu adiknya sekarang terluka parah. si Penyumpit pun berniat menolongnya. Dengan keahliannya, dia menempelkan tumbukan daun kemunting ke luka gadis itu. Darah dari luka gadis itu pun berhenti mengucur. Sekarang, gadis itu sudah tak kesakitan.', 'si-penyumpuit-3.png', '2024-06-10 12:46:56', '2024-06-10 12:46:56'),
(236, 'Sebagai ucapan terima kasih, wanita jelmaan babi hutan tadi memberikan empat bungkus hadiah. Ternyata, bungkusan itu berisi emas dan berlian. Si Penyumpit gembira sekali. Aku bisa melunasi hutang ayahku pada Pak Raje, gumamnya. Saat melunasi hutangnya, si Penyumpit bercerita asal usul emas itu. Diam-diam, Pak Raje ingin meniru keberuntungan si Penyumpit.', 'si-penyumpuit-4.png', '2024-06-10 12:46:56', '2024-06-10 12:46:56'),
(237, 'Malam harinya, Pak Raje pergi ke sawah dan meniru persis apa yang telah dilakukan si Penyumpit. Seekor babi hutan juga terkena sumpitannya. Pak Raje mengikuti ceceran darahnya sampai ke rumah kecil di hutan. Siapa kau? Ada apa datang tengah malam begini? tanya wanita yang membuka pintu. Namaku Pak Raje. Tadi aku menyumpit seekor babi hutan. Dan, jejaknya berhenti di rumah ini, jawab Pak Raje.', 'si-penyumpuit-5.png', '2024-06-10 12:46:56', '2024-06-10 12:46:56'),
(238, 'Oh, jadi kau yang menyumpit adik kami? Sekarang, sembuhkan dia. Dulu, orang yang menyumpit adik kami yang lain, bisa menyembuhkannya, wanita itu meminta Pak Raje masuk. Pak Raje jadi gugup. Dia tak bisa membuat ramuan obat. Dia tak mampu menghentikan darah yang terus mengucur dari luka salah satu jelmaan babi hutan itu. Karena Pak Raje gagal, para wanita itu marah. Mereka lalu mengusir Pak Raje jauh-jauh. Pak Raje amat malu dan pulang tanpa membawa apa-apa.', 'si-penyumpuit-6.png', '2024-06-10 12:46:56', '2024-06-10 12:46:56'),
(239, 'Baitusen dan Mai Lamah adalah sepasang suami istri miskin yang tinggal di Natuna, Kepulauan Riau. Karena bosan hidup miskin, mereka merantau ke Pulau Bunguran yang terkenal kaya isi lautnya. Di sana, Baitusen bekerja sebagai nelayan, Sedangkan Mai Lamah membantu suaminya mencari uang, dengan cara membuat kalung dan gelang dari kulit kerang. Suatu hari, Baitusen menemukan lubuk dengan ribuan teripang di dalamnya. Wah, aku sungguh beruntung! Para saudagar dari Singapura dan China mau membeli teripang dengan harga mahal, katanya senang.', 'pulau-sanua-1.png', '2024-06-10 12:49:02', '2024-06-10 12:49:02'),
(240, 'Sejak itu, Baitusen menjual teripang kering dibantu Mai Lamah. Ternyata benar. Banyak saudagar dari Singapura dan China yang datang ke Pulau Bunguran untuk membeli teripang Baitusen. Para saudagar itu lalu memanggil Mai Lamah dengan Nyonya May Lam, sedangkan Baitusen dijuluki Saudagar Teripang. Sekarang, Baitusen dan Mai Lamah pun jadi orang kaya. Namun, kekayaannya membuat Mai Lamah menjadi sombong. Dia tak mau lagi bergaul dengan tetangganya. Pergaulannya dengan para saudagar telah membuatnya lupa diri. Tak jarang, Mai Lamah menghina para tetangganya yang dianggapnya tidak sederajat dengannya. Meski Baitusen sering menegurnya, Mai Lamah tak peduli. Lama-kelamaan, para tetangga malas bergaul dengan Mai Lamah.', 'pulau-sanua-2.png', '2024-06-10 12:49:02', '2024-06-10 12:49:02'),
(241, 'Beberapa bulan kemudian, Mai Lamah hamil. Semenjak hamil, dia malah bertambah sombong. Ketika Mak Semah, tetangganya yang seorang bidan, menawarkan diri untuk memeriksa kehamilannya, Mai Lamah malah mencemoohnya. Aku hanya akan memeriksakan kehamilanku pada tabib dari China. Mereka jauh lebih hebat darimu, katanya. Ketika tiba saatnya Mai Lamah melahirkan, ternyata tabib dari China itu tak ada. Kapalnya sudah pulang ke negerinya. Baitusen jadi bingung. Dia lalu teringat pada Mak Semah. Maaf, Baitusen, istrimu sudah menghinaku. Dia bahkan tak mau aku menolongnya, jawab Mak Semah.', 'pulau-sanua-3.png', '2024-06-10 12:49:02', '2024-06-10 12:49:02'),
(242, 'Baitusen panik. Dia pulang ke rumah dan menyuruh Mai Lamah untuk meminta maaf pada Mak Semah. Hanya Mak Semah-lah satu-satunya orang yang bisa menolongnya saat ini. Apa? Minta maaf pada bidan kampung itu? Aku tak mau! Lebih baik antarkan aku ke pulau seberang. Di sana ada bidan terkenal, kata Mai Lamah.', 'pulau-sanua-4.png', '2024-06-10 12:49:02', '2024-06-10 12:49:02'),
(243, 'Akhirnya, Baitusen membopong istrinya ke perahu. Mereka harus segera menuju ke pulau seberang. Namun, di tengah perjalanan, Mai Lamah berteriak-teriak minta pulang. Dia takut peti emas yang ditinggalkannya di rumah, dicuri orang. Tapi peti itu berat sekali. Isinya emas batangan, kan? tanya Baitusen. Iya, isinya emas kita! Jika peti itu sampai hilang, kita jadi miskin! kata Mai Lamah lagi. Baitusen pun kembali menuruti perintah istrinya. Setelah memasukkan peti ke dalam perahu, Baitusen kembali mendayung. Namun, perahunya terasa berat, apalagi gelombang laut juga tinggi. Perahu mulai oleng dan akhirnya tenggelam.', 'pulau-sanua-5.png', '2024-06-10 12:49:02', '2024-06-10 12:49:02'),
(244, 'Baitusen buru-buru menyelamatkan istrinya, tetapi Mai Lamah malah marah. Cepat, selamatkan peti harta kita! Jangan sampai tenggelam! teriaknya. Baitusen jadi bingung. Dia tak mau meninggalkan istrinya. Dia tetap menarik tubuh Mai Lamah ke pinggir laut. Namun, Mai Lamah terus memberontak. Tiba-tiba, petir menyambar- nyambar. Langit menjadi gelap. Mai Lamah yang melepaskan diri dari suaminya tersambar petir. Namun aneh, tubuhnya berubah menjadi batu yang berbadan dua. Baitusen hanya bisa meratapi nasib istrinya. Batu itu lama-kelamaan semakin besar, dan akhirnya menjadi sebuah pulau. Pulau itu sekarang dikenal dengan nama Pulau Sanua yang berarti satu tubuh berbadan dua.', 'pulau-sanua-6.png', '2024-06-10 12:49:02', '2024-06-10 12:49:02'),
(245, 'Di suatu pagi yang cerah, Batin Lagoi, pemimpin Suku Laut di Pulau Bintan, menemukan seorang bayi perempuan. Bayi itu diletakkan di dalam sebuah keranjang yang dialasi dedaunan, di dekat semak-semak pandan yang berduri. Batin Lagoi membawa bayi itu pulang dan mengumumkannya ke seluruh Pulau Bintan. Namun, tak seorang pun mengakui bayi itu sebagai anaknya. Akhirnya, Batin Lagoi mengangkat bayi itu sebagai anaknya dan menamainya Putri Pandan Berduri.', 'putri-pandan-1.png', '2024-06-10 12:50:26', '2024-06-10 12:50:26'),
(246, 'Batin Lagoi membesarkan Putri Pandan Berduri dengan penuh kasih sayang, sehingga Putri Pandan Berduri tumbuh menjadi gadis yang baik hati dan ramah. Sementara itu, tak jauh dari Pulau Bintan, yaitu di Pulau Galang, hiduplah seorang bangsawan yang mempunyai dua anak laki-laki bernama Julela dan Jenang Perkasa. Meskipun kakak beradik, keduanya memiliki sifat yang bertolak belakang. Julela adalah seorang yang angkuh, suka dihormati, dan keras hatinya, sedangkan Jenang Perkasa adalah pemuda yang santun dan bijaksana. Suatu hari, si bangsawan yang sudah tua memutuskan untuk mengangkat Julela menjadi Batin atau pemimpin di Pulau Galang. Sayangnya, Julela menjadi Batin yang sombong dan semena-mena. Setelah ayahnya meninggal, dia tega mengusir Jenang Perkasa dari Pulau Galang.', 'putri-pandan-2.png', '2024-06-10 12:50:26', '2024-06-10 12:50:26'),
(247, 'Setelah diusir kakaknya, Jenang Perkasa pun berlayar dan tiba di Pulau Bintan. Di sana, dia memulai hidup baru. Karena tindak tanduknya yang sopan, Jenang Perkasa disukai penduduk Pulau Bintan, termasuk Batin Lagoi. Apakah dia keturunan seorang bangsawan? Tutur katanya begitu halus seperti keturunan raja-raja, kata Batin Lagoi dalam hati. Jenang Perkasa memang tak pernah mengakui asal usul dirinya. Tak seorang pun tahu bahwa dia adalah keturunan bangsawan Pulau Galang. Batin Lagoi akhirnya mengundang Jenang Perkasa ke rumahnya dan mengenalkannya pada Putri Pandan Berduri. Ternyata, Jenang Perkasa dan Putri Pandan Berduri saling jatuh cinta. Batin Lagoi pun segera menikahkan mereka. Mereka lalu memiliki tiga orang putra, yang bernama Mantang, Mapoi, dan Kelong.', 'putri-pandan-3.png', '2024-06-10 12:50:26', '2024-06-10 12:50:26'),
(248, 'Jenang Perkasa mendidik ketiga anaknya dengan sangat baik sehingga ketiganya pun tumbuh menjadi orang yang bijaksana seperti ayahnya. Setelah beranjak dewasa, ketiga anaknya tersebut meninggalkan rumah dan merantau ke seluruh penjuru Pulau Bintan. Mereka kemudian memiliki suku mereka sendiri-sendiri dan menjadi Batin bagi suku mereka. Batin Mantang memimpin bagian utara Pulau Bintan, Batin Mapoi memimpin bagian barat Pulau Bintan, dan Batin Kelong memimpin bagian timur Pulau Bintan. Itulah asal mula persukuan di Pulau Bintan.', 'putri-pandan-4.png', '2024-06-10 12:50:26', '2024-06-10 12:50:26');

-- --------------------------------------------------------

--
-- Table structure for table `story_quiz_links`
--

CREATE TABLE `story_quiz_links` (
  `story_id` bigint(20) NOT NULL,
  `quiz_id` bigint(20) NOT NULL
) ENGINE=InnoDB DEFAULT CHARSET=utf8mb4 COLLATE=utf8mb4_general_ci;

--
-- Dumping data for table `story_quiz_links`
--

INSERT INTO `story_quiz_links` (`story_id`, `quiz_id`) VALUES
(1, 1),
(1, 2),
(1, 3),
(2, 4),
(2, 5),
(2, 6),
(3, 7),
(3, 8),
(3, 9),
(4, 10),
(4, 11),
(4, 12),
(5, 13),
(5, 14),
(5, 15),
(6, 16),
(6, 17),
(6, 18),
(7, 19),
(7, 20),
(7, 21),
(8, 22),
(8, 23),
(8, 24),
(9, 25),
(9, 26),
(9, 27),
(10, 28),
(10, 29),
(10, 30),
(11, 31),
(11, 32),
(11, 33),
(12, 34),
(12, 35),
(12, 36),
(13, 37),
(13, 38),
(13, 39),
(14, 40),
(14, 41),
(14, 42),
(15, 43),
(15, 44),
(15, 45),
(16, 46),
(16, 47),
(16, 48),
(17, 49),
(17, 50),
(17, 51),
(18, 52),
(18, 53),
(18, 54),
(19, 55),
(19, 56),
(19, 57),
(20, 58),
(20, 59),
(20, 60),
(21, 61),
(21, 62),
(21, 63),
(22, 64),
(22, 65),
(22, 66),
(23, 67),
(23, 68),
(23, 69),
(24, 70),
(24, 71),
(24, 72),
(25, 73),
(25, 74),
(25, 75),
(26, 76),
(26, 77),
(26, 78),
(27, 79),
(27, 80),
(27, 81),
(28, 82),
(28, 83),
(28, 84),
(29, 85),
(29, 86),
(29, 87),
(30, 88),
(30, 89),
(30, 90),
(31, 91),
(31, 92),
(31, 93),
(32, 94),
(32, 95),
(32, 96),
(33, 97),
(33, 98),
(33, 99),
(34, 100),
(34, 101),
(34, 102),
(35, 103),
(35, 104),
(35, 105),
(36, 106),
(36, 107),
(36, 108),
(37, 109),
(37, 110),
(37, 111),
(38, 112),
(38, 113),
(38, 114),
(39, 115),
(39, 116),
(39, 117),
(40, 118),
(40, 119),
(40, 120),
(41, 121),
(41, 122),
(41, 123),
(42, 124),
(42, 125),
(42, 126),
(43, 127),
(43, 128),
(43, 129),
(44, 130),
(44, 131),
(44, 132),
(45, 133),
(45, 134),
(45, 135),
(46, 136),
(46, 137),
(46, 138),
(47, 139),
(47, 140),
(47, 141),
(48, 142),
(48, 143),
(48, 144),
(49, 145),
(49, 146),
(49, 147),
(50, 148),
(50, 149),
(50, 150);

-- --------------------------------------------------------

--
-- Table structure for table `story_story_detail_links`
--

CREATE TABLE `story_story_detail_links` (
  `story_id` bigint(20) NOT NULL,
  `story_detail_id` bigint(20) NOT NULL
) ENGINE=InnoDB DEFAULT CHARSET=utf8mb4 COLLATE=utf8mb4_general_ci;

--
-- Dumping data for table `story_story_detail_links`
--

INSERT INTO `story_story_detail_links` (`story_id`, `story_detail_id`) VALUES
(1, 1),
(1, 2),
(1, 3),
(2, 4),
(2, 5),
(2, 6),
(2, 7),
(3, 8),
(3, 9),
(3, 10),
(3, 11),
(3, 12),
(4, 13),
(4, 14),
(4, 15),
(4, 16),
(4, 17),
(4, 18),
(5, 19),
(5, 20),
(5, 21),
(5, 22),
(5, 23),
(6, 24),
(6, 25),
(6, 26),
(6, 27),
(7, 28),
(7, 29),
(7, 30),
(7, 31),
(7, 32),
(7, 33),
(8, 34),
(8, 35),
(8, 36),
(8, 37),
(8, 38),
(9, 39),
(9, 40),
(9, 41),
(9, 42),
(10, 43),
(10, 44),
(10, 45),
(10, 46),
(11, 47),
(11, 48),
(11, 49),
(11, 50),
(12, 51),
(12, 52),
(12, 53),
(12, 54),
(12, 55),
(13, 56),
(13, 57),
(13, 58),
(13, 59),
(14, 60),
(14, 61),
(14, 62),
(14, 63),
(14, 64),
(14, 65),
(15, 66),
(15, 67),
(15, 68),
(15, 69),
(15, 70),
(15, 71),
(16, 72),
(16, 73),
(16, 74),
(16, 75),
(16, 76),
(17, 77),
(17, 78),
(17, 79),
(17, 80),
(17, 81),
(17, 82),
(18, 83),
(18, 84),
(18, 85),
(19, 86),
(19, 87),
(19, 88),
(19, 89),
(19, 90),
(19, 91),
(20, 92),
(20, 93),
(20, 94),
(20, 95),
(20, 96),
(21, 97),
(21, 98),
(21, 99),
(21, 100),
(22, 101),
(22, 102),
(22, 103),
(22, 104),
(23, 105),
(23, 106),
(23, 107),
(23, 108),
(23, 109),
(23, 110),
(24, 111),
(24, 112),
(24, 113),
(24, 114),
(24, 115),
(25, 116),
(25, 117),
(25, 118),
(25, 119),
(25, 120),
(26, 121),
(26, 122),
(26, 123),
(26, 124),
(26, 125),
(27, 126),
(27, 127),
(27, 128),
(27, 129),
(27, 130),
(28, 131),
(28, 132),
(28, 133),
(28, 134),
(28, 135),
(28, 136),
(29, 137),
(29, 138),
(29, 139),
(29, 140),
(30, 141),
(30, 142),
(30, 143),
(30, 144),
(30, 145),
(31, 146),
(31, 147),
(31, 148),
(31, 149),
(31, 150),
(32, 151),
(32, 152),
(32, 153),
(32, 154),
(32, 155),
(32, 156),
(33, 157),
(33, 158),
(33, 159),
(33, 160),
(33, 161),
(34, 162),
(34, 163),
(34, 164),
(34, 165),
(35, 166),
(35, 167),
(35, 168),
(35, 169),
(35, 170),
(35, 171),
(36, 172),
(36, 173),
(36, 174),
(36, 175),
(36, 176),
(37, 177),
(37, 178),
(37, 179),
(37, 180),
(37, 181),
(38, 182),
(38, 183),
(38, 184),
(38, 185),
(38, 186),
(38, 187),
(39, 188),
(39, 189),
(39, 190),
(39, 191),
(39, 192),
(40, 193),
(40, 194),
(40, 195),
(40, 196),
(41, 197),
(41, 198),
(41, 199),
(41, 200),
(41, 201),
(41, 202),
(42, 203),
(42, 204),
(42, 205),
(42, 206),
(43, 207),
(43, 208),
(43, 209),
(43, 210),
(44, 211),
(44, 212),
(44, 213),
(44, 214),
(44, 215),
(44, 216),
(45, 217),
(45, 218),
(45, 219),
(45, 220),
(45, 221),
(45, 222),
(46, 223),
(46, 224),
(46, 225),
(46, 226),
(46, 227),
(47, 228),
(47, 229),
(47, 230),
(47, 231),
(47, 232),
(48, 233),
(48, 234),
(48, 235),
(48, 236),
(48, 237),
(48, 238),
(49, 239),
(49, 240),
(49, 241),
(49, 242),
(49, 243),
(49, 244),
(50, 245),
(50, 246),
(50, 247),
(50, 248);

-- --------------------------------------------------------

--
-- Table structure for table `story_theme_links`
--

CREATE TABLE `story_theme_links` (
  `story_id` bigint(20) NOT NULL,
  `theme_id` bigint(20) NOT NULL
) ENGINE=InnoDB DEFAULT CHARSET=utf8mb4 COLLATE=utf8mb4_general_ci;

--
-- Dumping data for table `story_theme_links`
--

INSERT INTO `story_theme_links` (`story_id`, `theme_id`) VALUES
(1, 1),
(1, 2),
(1, 3),
(2, 2),
(2, 4),
(3, 2),
(3, 5),
(3, 6),
(4, 2),
(4, 5),
(4, 6),
(4, 16),
(5, 6),
(5, 7),
(6, 7),
(6, 11),
(7, 1),
(7, 7),
(8, 6),
(8, 13),
(8, 14),
(9, 2),
(9, 15),
(10, 7),
(10, 17),
(11, 2),
(11, 8),
(11, 13);

-- --------------------------------------------------------

--
-- Table structure for table `themes`
--

CREATE TABLE `themes` (
  `id` bigint(20) NOT NULL,
  `name` varchar(100) DEFAULT NULL,
  `created_at` timestamp NOT NULL DEFAULT current_timestamp(),
  `updated_at` timestamp NOT NULL DEFAULT current_timestamp() ON UPDATE current_timestamp()
) ENGINE=InnoDB DEFAULT CHARSET=utf8mb4 COLLATE=utf8mb4_general_ci;

--
-- Dumping data for table `themes`
--

INSERT INTO `themes` (`id`, `name`, `created_at`, `updated_at`) VALUES
(1, 'Permintaan', '2024-06-02 15:16:53', '2024-06-02 15:16:53'),
(2, 'Asal-usul', '2024-06-02 15:16:53', '2024-06-02 15:16:53'),
(3, 'Pernikahan', '2024-06-02 15:16:53', '2024-06-02 15:16:53'),
(4, 'Cinta Terlarang', '2024-06-08 01:58:56', '2024-06-08 01:58:56'),
(5, 'Hukuman', '2024-06-10 03:28:11', '2024-06-10 03:28:11'),
(6, 'Kebaikan', '2024-06-10 03:28:36', '2024-06-10 03:28:36'),
(7, 'Kutukan', '2024-06-10 03:30:47', '2024-06-10 03:30:47'),
(8, 'Saudara', '2024-06-10 03:30:47', '2024-06-10 03:30:47'),
(10, 'Berubah', '2024-06-10 03:31:04', '2024-06-10 03:31:04'),
(11, 'Keajaiban', '2024-06-10 03:32:02', '2024-06-10 03:32:02'),
(12, 'Sayembara', '2024-06-10 03:32:02', '2024-06-10 03:32:02'),
(13, 'Hikmah\r\n', '2024-06-10 03:32:28', '2024-06-10 03:32:38'),
(14, 'Bantuan', '2024-06-10 03:33:15', '2024-06-10 03:33:15'),
(15, 'Kekuatan', '2024-06-10 03:33:28', '2024-06-10 03:33:28'),
(16, 'Berubah', '2024-06-10 03:39:27', '2024-06-10 03:39:27'),
(17, 'Cerdik', '2024-06-10 03:44:49', '2024-06-10 03:44:49');

-- --------------------------------------------------------

--
-- Table structure for table `users`
--

CREATE TABLE `users` (
  `id` bigint(20) NOT NULL,
  `firstname` varchar(100) DEFAULT NULL,
  `lastname` varchar(100) DEFAULT NULL,
  `username` varchar(100) DEFAULT NULL,
  `email` varchar(100) DEFAULT NULL,
  `password` varchar(255) DEFAULT NULL,
  `created_at` timestamp NOT NULL DEFAULT current_timestamp(),
  `updated_at` timestamp NOT NULL DEFAULT current_timestamp() ON UPDATE current_timestamp()
) ENGINE=InnoDB DEFAULT CHARSET=utf8mb4 COLLATE=utf8mb4_general_ci;

--
-- Dumping data for table `users`
--

INSERT INTO `users` (`id`, `firstname`, `lastname`, `username`, `email`, `password`, `created_at`, `updated_at`) VALUES
(1, 'Super', 'Admin', 'superadmin', 'superadmin@yopmail.com', '$2b$10$WmLdFwnenIJEBEuwnMafweae/ls325U85YitvdCRXLfbWzxTyoSle', '2024-06-02 06:01:14', '2024-06-02 06:01:14');

-- --------------------------------------------------------

--
-- Table structure for table `user_mission_links`
--

CREATE TABLE `user_mission_links` (
  `user_id` bigint(20) NOT NULL,
  `mission_id` bigint(20) NOT NULL
) ENGINE=InnoDB DEFAULT CHARSET=utf8mb4 COLLATE=utf8mb4_general_ci;

--
-- Dumping data for table `user_mission_links`
--

INSERT INTO `user_mission_links` (`user_id`, `mission_id`) VALUES
(1, 1),
(1, 2);

-- --------------------------------------------------------

--
-- Table structure for table `user_story_links`
--

CREATE TABLE `user_story_links` (
  `user_id` bigint(20) NOT NULL,
  `story_id` bigint(20) NOT NULL
) ENGINE=InnoDB DEFAULT CHARSET=utf8mb4 COLLATE=utf8mb4_general_ci;

--
-- Dumping data for table `user_story_links`
--

INSERT INTO `user_story_links` (`user_id`, `story_id`) VALUES
(1, 1),
(1, 2),
(1, 3),
(1, 4),
(1, 5),
(1, 6),
(1, 7),
(1, 8),
(1, 9),
(1, 10),
(1, 11),
(1, 25),
(1, 44),
(1, 50);

--
-- Indexes for dumped tables
--

--
-- Indexes for table `choices`
--
ALTER TABLE `choices`
  ADD PRIMARY KEY (`id`);

--
-- Indexes for table `missions`
--
ALTER TABLE `missions`
  ADD PRIMARY KEY (`id`);

--
-- Indexes for table `quizzes`
--
ALTER TABLE `quizzes`
  ADD PRIMARY KEY (`id`);

--
-- Indexes for table `quiz_choice_links`
--
ALTER TABLE `quiz_choice_links`
  ADD PRIMARY KEY (`quiz_id`,`choice_id`),
  ADD KEY `choice_id` (`choice_id`);

--
-- Indexes for table `stories`
--
ALTER TABLE `stories`
  ADD PRIMARY KEY (`id`);

--
-- Indexes for table `story_details`
--
ALTER TABLE `story_details`
  ADD PRIMARY KEY (`id`);

--
-- Indexes for table `story_quiz_links`
--
ALTER TABLE `story_quiz_links`
  ADD PRIMARY KEY (`story_id`,`quiz_id`),
  ADD KEY `quiz_id` (`quiz_id`);

--
-- Indexes for table `story_story_detail_links`
--
ALTER TABLE `story_story_detail_links`
  ADD PRIMARY KEY (`story_id`,`story_detail_id`),
  ADD KEY `story_detail_id` (`story_detail_id`);

--
-- Indexes for table `story_theme_links`
--
ALTER TABLE `story_theme_links`
  ADD PRIMARY KEY (`story_id`,`theme_id`),
  ADD KEY `theme_id` (`theme_id`);

--
-- Indexes for table `themes`
--
ALTER TABLE `themes`
  ADD PRIMARY KEY (`id`);

--
-- Indexes for table `users`
--
ALTER TABLE `users`
  ADD PRIMARY KEY (`id`);

--
-- Indexes for table `user_mission_links`
--
ALTER TABLE `user_mission_links`
  ADD PRIMARY KEY (`user_id`,`mission_id`),
  ADD KEY `mission_id` (`mission_id`);

--
-- Indexes for table `user_story_links`
--
ALTER TABLE `user_story_links`
  ADD PRIMARY KEY (`user_id`,`story_id`),
  ADD KEY `story_id` (`story_id`);

--
-- AUTO_INCREMENT for dumped tables
--

--
-- AUTO_INCREMENT for table `choices`
--
ALTER TABLE `choices`
  MODIFY `id` bigint(20) NOT NULL AUTO_INCREMENT, AUTO_INCREMENT=589;

--
-- AUTO_INCREMENT for table `missions`
--
ALTER TABLE `missions`
  MODIFY `id` bigint(20) NOT NULL AUTO_INCREMENT, AUTO_INCREMENT=7;

--
-- AUTO_INCREMENT for table `quizzes`
--
ALTER TABLE `quizzes`
  MODIFY `id` bigint(20) NOT NULL AUTO_INCREMENT, AUTO_INCREMENT=152;

--
-- AUTO_INCREMENT for table `stories`
--
ALTER TABLE `stories`
  MODIFY `id` bigint(20) NOT NULL AUTO_INCREMENT, AUTO_INCREMENT=53;

--
-- AUTO_INCREMENT for table `story_details`
--
ALTER TABLE `story_details`
  MODIFY `id` bigint(20) NOT NULL AUTO_INCREMENT, AUTO_INCREMENT=249;

--
-- AUTO_INCREMENT for table `themes`
--
ALTER TABLE `themes`
  MODIFY `id` bigint(20) NOT NULL AUTO_INCREMENT, AUTO_INCREMENT=18;

--
-- AUTO_INCREMENT for table `users`
--
ALTER TABLE `users`
  MODIFY `id` bigint(20) NOT NULL AUTO_INCREMENT, AUTO_INCREMENT=2;

--
-- Constraints for dumped tables
--

--
-- Constraints for table `quiz_choice_links`
--
ALTER TABLE `quiz_choice_links`
  ADD CONSTRAINT `quiz_choice_links_ibfk_1` FOREIGN KEY (`quiz_id`) REFERENCES `quizzes` (`id`) ON DELETE CASCADE,
  ADD CONSTRAINT `quiz_choice_links_ibfk_2` FOREIGN KEY (`choice_id`) REFERENCES `choices` (`id`) ON DELETE CASCADE;

--
-- Constraints for table `story_quiz_links`
--
ALTER TABLE `story_quiz_links`
  ADD CONSTRAINT `story_quiz_links_ibfk_1` FOREIGN KEY (`story_id`) REFERENCES `stories` (`id`) ON DELETE CASCADE,
  ADD CONSTRAINT `story_quiz_links_ibfk_2` FOREIGN KEY (`quiz_id`) REFERENCES `quizzes` (`id`) ON DELETE CASCADE;

--
-- Constraints for table `story_story_detail_links`
--
ALTER TABLE `story_story_detail_links`
  ADD CONSTRAINT `story_story_detail_links_ibfk_1` FOREIGN KEY (`story_id`) REFERENCES `stories` (`id`) ON DELETE CASCADE,
  ADD CONSTRAINT `story_story_detail_links_ibfk_2` FOREIGN KEY (`story_detail_id`) REFERENCES `story_details` (`id`) ON DELETE CASCADE;

--
-- Constraints for table `story_theme_links`
--
ALTER TABLE `story_theme_links`
  ADD CONSTRAINT `story_theme_links_ibfk_1` FOREIGN KEY (`story_id`) REFERENCES `stories` (`id`) ON DELETE CASCADE,
  ADD CONSTRAINT `story_theme_links_ibfk_2` FOREIGN KEY (`theme_id`) REFERENCES `themes` (`id`) ON DELETE CASCADE;

--
-- Constraints for table `user_mission_links`
--
ALTER TABLE `user_mission_links`
  ADD CONSTRAINT `user_mission_links_ibfk_1` FOREIGN KEY (`user_id`) REFERENCES `users` (`id`) ON DELETE CASCADE,
  ADD CONSTRAINT `user_mission_links_ibfk_2` FOREIGN KEY (`mission_id`) REFERENCES `missions` (`id`) ON DELETE CASCADE;

--
-- Constraints for table `user_story_links`
--
ALTER TABLE `user_story_links`
  ADD CONSTRAINT `user_story_links_ibfk_1` FOREIGN KEY (`user_id`) REFERENCES `users` (`id`) ON DELETE CASCADE,
  ADD CONSTRAINT `user_story_links_ibfk_2` FOREIGN KEY (`story_id`) REFERENCES `stories` (`id`) ON DELETE CASCADE;
COMMIT;

/*!40101 SET CHARACTER_SET_CLIENT=@OLD_CHARACTER_SET_CLIENT */;
/*!40101 SET CHARACTER_SET_RESULTS=@OLD_CHARACTER_SET_RESULTS */;
/*!40101 SET COLLATION_CONNECTION=@OLD_COLLATION_CONNECTION */;
